"sex","length","diameter","height","whole_wt","shucked_wt","rings","age"
"I",0.33,0.255,0.08,0.205,0.0895,7,8.5
"I",0.425,0.3,0.095,0.3515,0.141,8,9.5
"I",0.355,0.28,0.085,0.2905,0.095,7,8.5
"I",0.38,0.275,0.1,0.2255,0.08,10,11.5
"I",0.24,0.175,0.045,0.07,0.0315,5,6.5
"I",0.205,0.15,0.055,0.042,0.0255,5,6.5
"I",0.21,0.15,0.05,0.042,0.0175,4,5.5
"I",0.39,0.295,0.095,0.203,0.0875,7,8.5
"I",0.325,0.245,0.07,0.161,0.0755,6,7.5
"I",0.52,0.41,0.12,0.595,0.2385,8,9.5
"I",0.245,0.19,0.06,0.086,0.042,4,5.5
"I",0.31,0.235,0.07,0.151,0.063,6,7.5
"I",0.36,0.265,0.095,0.2315,0.105,7,8.5
"I",0.435,0.32,0.08,0.3325,0.1485,9,10.5
"I",0.385,0.295,0.085,0.2535,0.103,7,8.5
"I",0.36,0.28,0.08,0.1755,0.081,6,7.5
"I",0.27,0.195,0.06,0.073,0.0285,5,6.5
"I",0.375,0.275,0.09,0.238,0.1075,6,7.5
"I",0.385,0.29,0.085,0.2505,0.112,8,9.5
"I",0.35,0.26,0.095,0.211,0.086,7,8.5
"I",0.265,0.2,0.065,0.0975,0.04,7,8.5
"I",0.28,0.205,0.08,0.127,0.052,9,10.5
"I",0.175,0.13,0.055,0.0315,0.0105,5,6.5
"I",0.17,0.13,0.095,0.03,0.013,4,5.5
"I",0.235,0.16,0.04,0.048,0.0185,5,6.5
"I",0.36,0.26,0.09,0.1785,0.0645,7,8.5
"I",0.315,0.21,0.06,0.125,0.06,5,6.5
"I",0.315,0.245,0.085,0.1435,0.053,8,9.5
"I",0.225,0.16,0.045,0.0465,0.025,4,5.5
"I",0.355,0.275,0.085,0.22,0.092,8,9.5
"I",0.4,0.3,0.11,0.315,0.109,9,10.5
"I",0.435,0.34,0.11,0.3795,0.1495,8,9.5
"I",0.37,0.28,0.095,0.2655,0.122,7,8.5
"I",0.405,0.3,0.12,0.324,0.1265,7,8.5
"I",0.425,0.38,0.105,0.3265,0.1285,10,11.5
"I",0.365,0.27,0.085,0.205,0.078,7,8.5
"I",0.275,0.215,0.075,0.1155,0.0485,7,8.5
"I",0.44,0.35,0.135,0.435,0.1815,12,13.5
"I",0.295,0.225,0.08,0.124,0.0485,9,10.5
"I",0.075,0.055,0.01,0.002,0.001,1,2.5
"I",0.13,0.1,0.03,0.013,0.0045,3,4.5
"I",0.11,0.09,0.03,0.008,0.0025,3,4.5
"I",0.16,0.12,0.035,0.021,0.0075,5,6.5
"I",0.27,0.2,0.07,0.1,0.034,5,6.5
"I",0.23,0.175,0.065,0.0645,0.026,5,6.5
"I",0.3,0.23,0.08,0.1275,0.0435,8,9.5
"I",0.33,0.255,0.085,0.1655,0.063,8,9.5
"I",0.35,0.26,0.085,0.174,0.0705,10,11.5
"I",0.32,0.245,0.08,0.1585,0.0635,13,14.5
"I",0.36,0.275,0.085,0.1975,0.0745,9,10.5
"I",0.305,0.245,0.075,0.156,0.0675,7,8.5
"I",0.345,0.27,0.11,0.2135,0.082,7,8.5
"I",0.33,0.25,0.105,0.1715,0.0655,7,8.5
"I",0.245,0.195,0.06,0.095,0.0445,4,5.5
"I",0.36,0.285,0.105,0.2415,0.0915,7,8.5
"I",0.295,0.215,0.085,0.128,0.049,6,7.5
"I",0.275,0.205,0.075,0.1105,0.045,6,7.5
"I",0.28,0.21,0.085,0.1065,0.039,4,5.5
"I",0.2,0.145,0.06,0.037,0.0125,4,5.5
"I",0.165,0.12,0.03,0.0215,0.007,3,4.5
"I",0.45,0.355,0.11,0.4585,0.194,8,9.5
"I",0.33,0.255,0.095,0.172,0.066,6,7.5
"I",0.265,0.21,0.06,0.0965,0.0425,5,6.5
"I",0.19,0.145,0.04,0.038,0.0165,4,5.5
"I",0.265,0.205,0.07,0.1055,0.039,5,6.5
"I",0.355,0.275,0.09,0.251,0.097,7,8.5
"I",0.32,0.255,0.1,0.1755,0.073,7,8.5
"I",0.36,0.28,0.09,0.2255,0.0885,8,9.5
"I",0.3,0.22,0.08,0.121,0.0475,5,6.5
"I",0.235,0.175,0.04,0.0705,0.0335,5,6.5
"I",0.34,0.26,0.08,0.2,0.08,6,7.5
"I",0.375,0.305,0.115,0.2715,0.092,8,9.5
"I",0.465,0.375,0.12,0.471,0.222,9,10.5
"I",0.415,0.325,0.1,0.3215,0.1535,10,11.5
"I",0.365,0.295,0.095,0.25,0.1075,9,10.5
"I",0.345,0.275,0.095,0.1995,0.0755,6,7.5
"I",0.39,0.31,0.1,0.302,0.116,11,12.5
"I",0.44,0.345,0.12,0.365,0.1655,7,8.5
"I",0.49,0.38,0.12,0.529,0.2165,11,12.5
"I",0.29,0.225,0.07,0.101,0.036,8,9.5
"I",0.26,0.2,0.07,0.092,0.037,6,7.5
"I",0.44,0.345,0.1,0.366,0.122,13,14.5
"I",0.36,0.275,0.095,0.217,0.084,7,8.5
"I",0.385,0.305,0.095,0.252,0.0915,14,15.5
"I",0.36,0.275,0.11,0.2335,0.095,10,11.5
"I",0.335,0.26,0.1,0.192,0.0785,8,9.5
"I",0.395,0.295,0.1,0.2715,0.134,10,11.5
"I",0.36,0.28,0.105,0.199,0.0695,9,10.5
"I",0.415,0.31,0.11,0.2965,0.123,10,11.5
"I",0.24,0.185,0.07,0.0715,0.026,6,7.5
"I",0.22,0.165,0.055,0.0545,0.0215,5,6.5
"I",0.255,0.195,0.07,0.0735,0.0255,6,7.5
"I",0.175,0.125,0.05,0.0235,0.008,5,6.5
"I",0.43,0.34,0.12,0.3575,0.151,9,10.5
"I",0.56,0.445,0.155,0.8735,0.3005,16,17.5
"I",0.68,0.53,0.185,1.1095,0.439,10,11.5
"I",0.365,0.26,0.115,0.218,0.0935,9,10.5
"I",0.53,0.42,0.185,0.752,0.299,20,21.5
"I",0.47,0.37,0.12,0.4705,0.1845,12,13.5
"I",0.47,0.37,0.14,0.4985,0.2095,10,11.5
"I",0.465,0.38,0.13,0.454,0.1895,11,12.5
"I",0.52,0.405,0.14,0.5775,0.2,11,12.5
"I",0.555,0.425,0.18,0.875,0.3695,11,12.5
"I",0.65,0.515,0.16,1.1625,0.495,17,18.5
"I",0.615,0.49,0.155,0.9885,0.4145,13,14.5
"I",0.56,0.44,0.165,0.8,0.335,12,13.5
"I",0.48,0.37,0.12,0.514,0.2075,13,14.5
"I",0.485,0.39,0.125,0.591,0.287,9,10.5
"I",0.5,0.385,0.15,0.6265,0.2605,10,11.5
"I",0.525,0.405,0.15,0.795,0.3075,14,15.5
"I",0.52,0.4,0.145,0.66,0.267,13,14.5
"I",0.515,0.4,0.12,0.659,0.2705,13,14.5
"I",0.485,0.355,0.13,0.581,0.245,12,13.5
"I",0.435,0.33,0.125,0.406,0.1685,12,13.5
"I",0.45,0.35,0.14,0.474,0.21,16,17.5
"I",0.45,0.345,0.135,0.443,0.1975,14,15.5
"I",0.61,0.475,0.15,0.9665,0.4145,10,11.5
"I",0.56,0.425,0.14,0.9175,0.4005,10,11.5
"I",0.58,0.445,0.15,0.8865,0.383,11,12.5
"I",0.55,0.425,0.15,0.806,0.376,14,15.5
"I",0.46,0.355,0.14,0.4935,0.216,13,14.5
"I",0.495,0.39,0.125,0.6655,0.284,11,12.5
"I",0.52,0.425,0.17,0.6805,0.28,10,11.5
"I",0.51,0.4,0.15,0.745,0.2865,13,14.5
"I",0.525,0.41,0.175,0.874,0.3585,18,19.5
"I",0.575,0.455,0.18,0.8525,0.3015,13,14.5
"I",0.605,0.47,0.14,0.939,0.3385,13,14.5
"I",0.605,0.495,0.145,1.054,0.369,12,13.5
"I",0.535,0.42,0.145,0.926,0.398,17,18.5
"I",0.47,0.345,0.115,0.4885,0.2005,11,12.5
"I",0.515,0.39,0.14,0.5555,0.2,12,13.5
"I",0.425,0.345,0.125,0.425,0.16,13,14.5
"I",0.485,0.37,0.13,0.458,0.181,10,11.5
"I",0.495,0.37,0.125,0.4775,0.185,18,19.5
"I",0.45,0.35,0.145,0.525,0.2085,15,16.5
"I",0.485,0.38,0.14,0.673,0.2175,18,19.5
"I",0.465,0.36,0.105,0.498,0.214,15,16.5
"I",0.53,0.415,0.145,0.944,0.3845,21,22.5
"I",0.475,0.365,0.115,0.49,0.223,9,10.5
"I",0.47,0.36,0.13,0.5225,0.198,9,10.5
"I",0.44,0.345,0.12,0.487,0.1965,14,15.5
"I",0.62,0.485,0.18,1.1785,0.4675,13,14.5
"I",0.445,0.33,0.12,0.347,0.12,11,12.5
"I",0.46,0.35,0.12,0.4885,0.193,11,12.5
"I",0.335,0.245,0.09,0.1665,0.0595,6,7.5
"I",0.47,0.35,0.13,0.466,0.1845,11,12.5
"I",0.58,0.49,0.195,1.3165,0.5305,18,19.5
"I",0.65,0.525,0.18,1.626,0.597,18,19.5
"I",0.535,0.45,0.17,0.781,0.3055,11,12.5
"I",0.45,0.355,0.12,0.412,0.1145,19,20.5
"I",0.37,0.275,0.1,0.2295,0.0885,7,8.5
"I",0.255,0.19,0.075,0.0865,0.0345,5,6.5
"I",0.165,0.11,0.02,0.019,0.0065,4,5.5
"I",0.315,0.23,0.09,0.1285,0.043,7,8.5
"I",0.155,0.105,0.05,0.0175,0.005,4,5.5
"I",0.295,0.225,0.09,0.1105,0.0405,7,8.5
"I",0.325,0.25,0.08,0.176,0.0595,7,8.5
"I",0.28,0.205,0.055,0.1135,0.045,7,8.5
"I",0.275,0.2,0.065,0.1035,0.0475,7,8.5
"I",0.29,0.205,0.07,0.0975,0.036,8,9.5
"I",0.25,0.19,0.06,0.0765,0.036,6,7.5
"I",0.18,0.125,0.035,0.0265,0.0095,4,5.5
"I",0.15,0.1,0.025,0.015,0.0045,2,3.5
"I",0.16,0.11,0.025,0.018,0.0065,3,4.5
"I",0.485,0.375,0.14,0.521,0.2,8,9.5
"I",0.385,0.28,0.125,0.244,0.102,6,7.5
"I",0.215,0.155,0.06,0.0525,0.021,5,6.5
"I",0.37,0.275,0.1,0.22,0.094,7,8.5
"I",0.28,0.205,0.07,0.1015,0.041,6,7.5
"I",0.235,0.175,0.055,0.067,0.027,6,7.5
"I",0.255,0.185,0.06,0.088,0.0365,5,6.5
"I",0.315,0.24,0.085,0.1715,0.071,7,8.5
"I",0.325,0.25,0.08,0.1735,0.0765,7,8.5
"I",0.335,0.25,0.08,0.183,0.0735,6,7.5
"I",0.35,0.27,0.09,0.2055,0.075,6,7.5
"I",0.35,0.25,0.07,0.18,0.0655,6,7.5
"I",0.36,0.3,0.085,0.27,0.1185,7,8.5
"I",0.365,0.275,0.135,0.24,0.108,7,8.5
"I",0.37,0.275,0.14,0.2215,0.097,6,7.5
"I",0.38,0.275,0.095,0.1375,0.086,7,8.5
"I",0.385,0.29,0.095,0.312,0.143,6,7.5
"I",0.385,0.3,0.1,0.2895,0.1215,7,8.5
"I",0.395,0.29,0.095,0.319,0.138,7,8.5
"I",0.395,0.29,0.095,0.304,0.127,6,7.5
"I",0.4,0.31,0.1,0.306,0.13,6,7.5
"I",0.41,0.325,0.1,0.394,0.208,6,7.5
"I",0.415,0.32,0.11,0.3735,0.175,7,8.5
"I",0.425,0.325,0.1,0.398,0.1185,6,7.5
"I",0.44,0.365,0.115,0.501,0.2435,9,10.5
"I",0.445,0.335,0.1,0.4895,0.2745,7,8.5
"I",0.445,0.325,0.1,0.378,0.1795,7,8.5
"I",0.45,0.35,0.13,0.547,0.245,8,9.5
"I",0.475,0.365,0.125,0.5465,0.229,9,10.5
"I",0.485,0.355,0.105,0.498,0.2175,9,10.5
"I",0.205,0.14,0.05,0.046,0.0165,6,7.5
"I",0.24,0.175,0.055,0.0705,0.025,5,6.5
"I",0.24,0.175,0.065,0.0665,0.031,3,4.5
"I",0.255,0.19,0.05,0.083,0.0295,6,7.5
"I",0.255,0.18,0.055,0.083,0.031,4,5.5
"I",0.265,0.195,0.06,0.092,0.0345,6,7.5
"I",0.28,0.12,0.075,0.117,0.0455,4,5.5
"I",0.295,0.23,0.08,0.1625,0.065,5,6.5
"I",0.3,0.235,0.08,0.131,0.05,4,5.5
"I",0.3,0.23,0.095,0.1385,0.056,6,7.5
"I",0.305,0.22,0.07,0.141,0.062,5,6.5
"I",0.315,0.235,0.075,0.1485,0.0585,6,7.5
"I",0.315,0.23,0.07,0.144,0.053,8,9.5
"I",0.32,0.24,0.09,0.1575,0.07,5,6.5
"I",0.325,0.24,0.075,0.187,0.0825,6,7.5
"I",0.33,0.265,0.085,0.196,0.0775,6,7.5
"I",0.335,0.25,0.075,0.1825,0.0705,7,8.5
"I",0.335,0.25,0.075,0.186,0.0945,7,8.5
"I",0.34,0.25,0.075,0.1785,0.0665,5,6.5
"I",0.34,0.25,0.07,0.2225,0.104,7,8.5
"I",0.345,0.265,0.1,0.2455,0.111,7,8.5
"I",0.37,0.29,0.095,0.249,0.1045,6,7.5
"I",0.37,0.28,0.095,0.2865,0.1505,7,8.5
"I",0.375,0.28,0.09,0.215,0.084,6,7.5
"I",0.385,0.265,0.08,0.251,0.124,6,7.5
"I",0.41,0.31,0.09,0.339,0.155,7,8.5
"I",0.41,0.305,0.09,0.3535,0.157,7,8.5
"I",0.41,0.31,0.09,0.3335,0.1635,6,7.5
"I",0.415,0.33,0.09,0.3595,0.17,6,7.5
"I",0.42,0.32,0.115,0.376,0.169,5,6.5
"I",0.42,0.315,0.1,0.3435,0.157,6,7.5
"I",0.425,0.34,0.1,0.382,0.164,6,7.5
"I",0.425,0.315,0.1,0.377,0.1645,6,7.5
"I",0.43,0.325,0.1,0.3645,0.1575,7,8.5
"I",0.43,0.325,0.09,0.425,0.217,7,8.5
"I",0.435,0.325,0.12,0.3995,0.1815,8,9.5
"I",0.435,0.34,0.115,0.3925,0.1825,6,7.5
"I",0.44,0.345,0.13,0.4495,0.209,6,7.5
"I",0.44,0.325,0.09,0.35,0.148,7,8.5
"I",0.445,0.35,0.13,0.4195,0.1695,7,8.5
"I",0.45,0.36,0.13,0.478,0.191,7,8.5
"I",0.45,0.355,0.105,0.4445,0.197,8,9.5
"I",0.45,0.345,0.11,0.47,0.2355,7,8.5
"I",0.45,0.335,0.105,0.447,0.2335,7,8.5
"I",0.455,0.355,0.125,0.5325,0.225,7,8.5
"I",0.455,0.375,0.12,0.497,0.2355,6,7.5
"I",0.46,0.36,0.1,0.4635,0.2325,7,8.5
"I",0.46,0.345,0.105,0.449,0.196,7,8.5
"I",0.465,0.365,0.115,0.467,0.2315,7,8.5
"I",0.465,0.37,0.115,0.534,0.261,7,8.5
"I",0.465,0.345,0.11,0.4415,0.1755,7,8.5
"I",0.5,0.385,0.12,0.56,0.2835,8,9.5
"I",0.505,0.39,0.15,0.685,0.362,8,9.5
"I",0.505,0.355,0.125,0.601,0.25,8,9.5
"I",0.51,0.375,0.1,0.5785,0.238,7,8.5
"I",0.51,0.405,0.135,0.769,0.3655,7,8.5
"I",0.185,0.13,0.045,0.029,0.012,4,5.5
"I",0.195,0.15,0.045,0.0375,0.018,3,4.5
"I",0.195,0.135,0.04,0.0325,0.0135,4,5.5
"I",0.2,0.155,0.04,0.0435,0.0155,4,5.5
"I",0.225,0.165,0.055,0.059,0.027,4,5.5
"I",0.245,0.18,0.065,0.071,0.03,4,5.5
"I",0.25,0.18,0.065,0.0685,0.0245,5,6.5
"I",0.265,0.195,0.055,0.084,0.0365,7,8.5
"I",0.275,0.195,0.065,0.106,0.054,6,7.5
"I",0.28,0.21,0.085,0.1075,0.0415,5,6.5
"I",0.285,0.22,0.065,0.096,0.0405,5,6.5
"I",0.3,0.22,0.08,0.1255,0.055,6,7.5
"I",0.315,0.235,0.055,0.151,0.065,6,7.5
"I",0.32,0.225,0.085,0.1415,0.0675,6,7.5
"I",0.34,0.265,0.08,0.2015,0.09,5,6.5
"I",0.37,0.28,0.1,0.221,0.1165,6,7.5
"I",0.375,0.28,0.08,0.2345,0.1125,6,7.5
"I",0.375,0.275,0.1,0.2325,0.1165,6,7.5
"I",0.385,0.29,0.08,0.2485,0.122,7,8.5
"I",0.4,0.32,0.095,0.348,0.194,6,7.5
"I",0.405,0.3,0.11,0.32,0.172,7,8.5
"I",0.41,0.3,0.1,0.282,0.1255,7,8.5
"I",0.41,0.325,0.1,0.3245,0.132,6,7.5
"I",0.42,0.3,0.105,0.316,0.1255,7,8.5
"I",0.42,0.32,0.11,0.3625,0.174,7,8.5
"I",0.42,0.31,0.095,0.279,0.1255,6,7.5
"I",0.425,0.325,0.115,0.3685,0.162,7,8.5
"I",0.435,0.33,0.11,0.413,0.2055,6,7.5
"I",0.435,0.345,0.115,0.418,0.222,7,8.5
"I",0.44,0.33,0.11,0.3705,0.1545,7,8.5
"I",0.445,0.345,0.105,0.409,0.1675,7,8.5
"I",0.445,0.34,0.145,0.434,0.1945,7,8.5
"I",0.445,0.335,0.11,0.411,0.1985,8,9.5
"I",0.45,0.365,0.125,0.462,0.2135,8,9.5
"I",0.45,0.34,0.12,0.4925,0.241,6,7.5
"I",0.45,0.33,0.105,0.3715,0.1865,7,8.5
"I",0.45,0.33,0.1,0.411,0.1945,6,7.5
"I",0.45,0.33,0.11,0.3685,0.16,6,7.5
"I",0.46,0.35,0.115,0.4155,0.18,7,8.5
"I",0.47,0.38,0.125,0.4845,0.211,6,7.5
"I",0.475,0.35,0.11,0.4565,0.206,6,7.5
"I",0.475,0.35,0.1,0.4545,0.2165,7,8.5
"I",0.48,0.38,0.125,0.6245,0.3395,8,9.5
"I",0.5,0.375,0.14,0.5495,0.248,7,8.5
"I",0.5,0.375,0.12,0.542,0.215,9,10.5
"I",0.5,0.38,0.125,0.519,0.2485,8,9.5
"I",0.51,0.405,0.125,0.6795,0.3465,8,9.5
"I",0.51,0.4,0.125,0.5575,0.2615,9,10.5
"I",0.51,0.38,0.115,0.5155,0.215,8,9.5
"I",0.515,0.385,0.125,0.6115,0.3175,8,9.5
"I",0.52,0.38,0.135,0.5395,0.2295,8,9.5
"I",0.52,0.38,0.125,0.5545,0.288,8,9.5
"I",0.525,0.4,0.13,0.6455,0.325,8,9.5
"I",0.525,0.4,0.14,0.601,0.2625,9,10.5
"I",0.525,0.395,0.12,0.608,0.297,8,9.5
"I",0.53,0.4,0.125,0.617,0.279,8,9.5
"I",0.535,0.39,0.125,0.599,0.2595,9,10.5
"I",0.54,0.42,0.14,0.6665,0.3125,10,11.5
"I",0.57,0.44,0.15,0.755,0.3425,8,9.5
"I",0.575,0.435,0.13,0.805,0.3155,10,11.5
"I",0.665,0.5,0.17,1.2975,0.6035,9,10.5
"I",0.185,0.375,0.12,0.4645,0.196,6,7.5
"I",0.245,0.205,0.06,0.0765,0.034,4,5.5
"I",0.25,0.185,0.065,0.0685,0.0295,5,6.5
"I",0.25,0.19,0.065,0.0835,0.039,5,6.5
"I",0.275,0.195,0.09,0.1125,0.0545,6,7.5
"I",0.305,0.215,0.065,0.1075,0.044,5,6.5
"I",0.31,0.225,0.07,0.1055,0.435,5,6.5
"I",0.315,0.23,0.08,0.1375,0.0545,5,6.5
"I",0.315,0.23,0.07,0.1145,0.046,5,6.5
"I",0.325,0.225,0.075,0.139,0.0565,6,7.5
"I",0.33,0.25,0.095,0.2085,0.102,7,8.5
"I",0.33,0.205,0.095,0.1595,0.077,5,6.5
"I",0.335,0.245,0.09,0.2015,0.096,7,8.5
"I",0.34,0.25,0.09,0.179,0.0775,6,7.5
"I",0.345,0.255,0.095,0.1945,0.0925,6,7.5
"I",0.345,0.255,0.085,0.2005,0.105,5,6.5
"I",0.35,0.27,0.075,0.215,0.1,6,7.5
"I",0.35,0.255,0.09,0.1785,0.0855,8,9.5
"I",0.36,0.27,0.085,0.196,0.0875,4,5.5
"I",0.365,0.27,0.085,0.1875,0.081,6,7.5
"I",0.365,0.27,0.085,0.196,0.0825,7,8.5
"I",0.365,0.265,0.085,0.213,0.0945,7,8.5
"I",0.37,0.29,0.09,0.2445,0.089,7,8.5
"I",0.37,0.28,0.085,0.217,0.1095,6,7.5
"I",0.375,0.29,0.095,0.213,0.096,5,6.5
"I",0.375,0.29,0.085,0.2385,0.118,7,8.5
"I",0.375,0.275,0.09,0.218,0.093,6,7.5
"I",0.375,0.275,0.095,0.2465,0.11,6,7.5
"I",0.375,0.28,0.08,0.2025,0.0825,8,9.5
"I",0.375,0.27,0.085,0.218,0.0945,7,8.5
"I",0.38,0.275,0.11,0.256,0.11,6,7.5
"I",0.38,0.27,0.08,0.2105,0.0865,8,9.5
"I",0.385,0.29,0.09,0.2615,0.111,9,10.5
"I",0.385,0.28,0.085,0.2175,0.097,8,9.5
"I",0.385,0.3,0.095,0.302,0.152,7,8.5
"I",0.385,0.28,0.09,0.228,0.1025,5,6.5
"I",0.39,0.3,0.095,0.3265,0.1665,7,8.5
"I",0.395,0.305,0.105,0.284,0.1135,8,9.5
"I",0.395,0.295,0.095,0.2725,0.115,8,9.5
"I",0.395,0.27,0.1,0.2985,0.1445,5,6.5
"I",0.4,0.29,0.1,0.2675,0.1205,5,6.5
"I",0.405,0.285,0.09,0.2645,0.1265,6,7.5
"I",0.41,0.335,0.11,0.33,0.157,7,8.5
"I",0.42,0.305,0.09,0.328,0.168,6,7.5
"I",0.425,0.325,0.11,0.3335,0.173,7,8.5
"I",0.425,0.32,0.1,0.3055,0.126,7,8.5
"I",0.425,0.31,0.09,0.301,0.1385,7,8.5
"I",0.43,0.315,0.095,0.378,0.175,8,9.5
"I",0.435,0.315,0.11,0.3685,0.1615,7,8.5
"I",0.44,0.34,0.12,0.438,0.2115,9,10.5
"I",0.45,0.33,0.105,0.448,0.208,9,10.5
"I",0.455,0.345,0.105,0.4005,0.164,8,9.5
"I",0.455,0.33,0.1,0.372,0.358,8,9.5
"I",0.46,0.36,0.105,0.466,0.2225,7,8.5
"I",0.46,0.35,0.105,0.3705,0.1575,9,10.5
"I",0.465,0.34,0.11,0.346,0.1425,11,12.5
"I",0.47,0.365,0.1,0.411,0.175,8,9.5
"I",0.47,0.355,0.18,0.48,0.2055,8,9.5
"I",0.47,0.355,0.12,0.393,0.167,8,9.5
"I",0.475,0.355,0.1,0.5035,0.2535,8,9.5
"I",0.475,0.38,0.12,0.441,0.1785,8,9.5
"I",0.475,0.36,0.11,0.492,0.211,8,9.5
"I",0.48,0.37,0.125,0.5435,0.244,9,10.5
"I",0.48,0.355,0.115,0.4725,0.2065,8,9.5
"I",0.48,0.365,0.1,0.461,0.2205,8,9.5
"I",0.495,0.355,0.12,0.4965,0.214,8,9.5
"I",0.495,0.38,0.13,0.5125,0.2185,7,8.5
"I",0.5,0.38,0.135,0.594,0.2945,9,10.5
"I",0.5,0.375,0.145,0.5795,0.239,9,10.5
"I",0.5,0.41,0.14,0.6615,0.2585,9,10.5
"I",0.5,0.375,0.125,0.5695,0.259,7,8.5
"I",0.5,0.395,0.14,0.6215,0.2925,9,10.5
"I",0.505,0.405,0.13,0.6015,0.3015,8,9.5
"I",0.505,0.38,0.12,0.594,0.2595,7,8.5
"I",0.505,0.395,0.105,0.551,0.248,8,9.5
"I",0.515,0.38,0.12,0.625,0.3265,7,8.5
"I",0.515,0.42,0.135,0.711,0.337,13,14.5
"I",0.515,0.4,0.135,0.6965,0.32,9,10.5
"I",0.52,0.4,0.13,0.5825,0.233,10,11.5
"I",0.52,0.395,0.125,0.663,0.3005,9,10.5
"I",0.525,0.4,0.125,0.6965,0.369,9,10.5
"I",0.53,0.415,0.13,0.694,0.3905,9,10.5
"I",0.53,0.42,0.155,0.81,0.4725,10,11.5
"I",0.53,0.415,0.11,0.5745,0.2525,9,10.5
"I",0.53,0.425,0.13,0.7675,0.419,9,10.5
"I",0.535,0.4,0.135,0.6025,0.2895,9,10.5
"I",0.535,0.415,0.15,0.5765,0.3595,8,9.5
"I",0.54,0.42,0.14,0.7265,0.3205,9,10.5
"I",0.545,0.435,0.135,0.7715,0.372,8,9.5
"I",0.545,0.43,0.15,0.7285,0.302,10,11.5
"I",0.545,0.405,0.135,0.5945,0.27,8,9.5
"I",0.55,0.43,0.145,0.7895,0.3745,11,12.5
"I",0.55,0.435,0.14,0.7535,0.3285,10,11.5
"I",0.55,0.425,0.135,0.7305,0.3325,9,10.5
"I",0.555,0.43,0.155,0.7395,0.3135,10,11.5
"I",0.555,0.43,0.14,0.7665,0.341,9,10.5
"I",0.555,0.425,0.145,0.7905,0.3485,9,10.5
"I",0.56,0.425,0.135,0.8205,0.3715,9,10.5
"I",0.56,0.425,0.145,0.688,0.3095,9,10.5
"I",0.56,0.455,0.145,0.974,0.547,9,10.5
"I",0.565,0.44,0.175,0.8735,0.414,11,12.5
"I",0.57,0.45,0.145,0.751,0.2825,10,11.5
"I",0.57,0.45,0.135,0.794,0.3815,8,9.5
"I",0.57,0.44,0.13,0.7665,0.347,10,11.5
"I",0.585,0.475,0.16,1.0505,0.48,10,11.5
"I",0.59,0.445,0.135,0.7715,0.328,9,10.5
"I",0.6,0.475,0.15,1.12,0.565,10,11.5
"I",0.605,0.485,0.15,1.238,0.6315,11,12.5
"I",0.605,0.435,0.13,0.9025,0.432,11,12.5
"I",0.61,0.465,0.15,0.9605,0.4495,9,10.5
"I",0.63,0.505,0.18,1.272,0.6025,11,12.5
"I",0.63,0.475,0.145,1.0605,0.5165,10,11.5
"I",0.14,0.105,0.035,0.014,0.0055,3,4.5
"I",0.23,0.165,0.06,0.0515,0.019,4,5.5
"I",0.365,0.265,0.135,0.2215,0.105,7,8.5
"I",0.365,0.255,0.08,0.1985,0.0785,5,6.5
"I",0.37,0.27,0.095,0.232,0.1325,6,7.5
"I",0.375,0.28,0.085,0.3155,0.187,7,8.5
"I",0.385,0.3,0.09,0.247,0.1225,5,6.5
"I",0.395,0.295,0.09,0.3025,0.143,5,6.5
"I",0.4,0.29,0.11,0.329,0.188,6,7.5
"I",0.4,0.3,0.09,0.2815,0.1185,7,8.5
"I",0.405,0.31,0.095,0.3425,0.1785,8,9.5
"I",0.405,0.29,0.09,0.2825,0.112,7,8.5
"I",0.405,0.3,0.105,0.304,0.1455,6,7.5
"I",0.41,0.32,0.095,0.2905,0.141,5,6.5
"I",0.425,0.34,0.105,0.389,0.2015,6,7.5
"I",0.43,0.34,0.105,0.4405,0.2385,6,7.5
"I",0.44,0.34,0.105,0.369,0.164,5,6.5
"I",0.44,0.365,0.11,0.4465,0.213,9,10.5
"I",0.455,0.335,0.135,0.501,0.274,7,8.5
"I",0.46,0.355,0.11,0.436,0.1975,8,9.5
"I",0.47,0.345,0.14,0.4615,0.229,9,10.5
"I",0.47,0.35,0.125,0.4315,0.19,6,7.5
"I",0.47,0.355,0.12,0.3685,0.126,6,7.5
"I",0.475,0.365,0.115,0.459,0.2175,7,8.5
"I",0.48,0.36,0.125,0.542,0.2795,7,8.5
"I",0.485,0.38,0.12,0.4725,0.2075,6,7.5
"I",0.515,0.395,0.125,0.556,0.2695,8,9.5
"I",0.515,0.4,0.125,0.5625,0.25,7,8.5
"I",0.53,0.43,0.13,0.7045,0.346,9,10.5
"I",0.615,0.475,0.13,0.8425,0.353,8,9.5
"I",0.21,0.17,0.045,0.0475,0.019,5,6.5
"I",0.285,0.21,0.055,0.101,0.0415,5,6.5
"I",0.295,0.215,0.07,0.121,0.047,6,7.5
"I",0.3,0.23,0.085,0.117,0.05,6,7.5
"I",0.305,0.225,0.09,0.1465,0.063,6,7.5
"I",0.335,0.255,0.08,0.168,0.079,5,6.5
"I",0.35,0.26,0.075,0.18,0.09,5,6.5
"I",0.355,0.27,0.075,0.1775,0.079,6,7.5
"I",0.355,0.26,0.09,0.1985,0.0715,7,8.5
"I",0.36,0.27,0.095,0.2,0.073,8,9.5
"I",0.36,0.275,0.075,0.2205,0.0985,7,8.5
"I",0.36,0.265,0.075,0.1845,0.083,7,8.5
"I",0.365,0.27,0.085,0.2225,0.0935,7,8.5
"I",0.37,0.27,0.095,0.2175,0.097,6,7.5
"I",0.375,0.28,0.08,0.2165,0.0935,7,8.5
"I",0.38,0.285,0.095,0.243,0.0895,7,8.5
"I",0.38,0.29,0.1,0.237,0.108,6,7.5
"I",0.385,0.29,0.09,0.2365,0.1,8,9.5
"I",0.385,0.28,0.095,0.257,0.119,7,8.5
"I",0.385,0.3,0.09,0.308,0.1525,8,9.5
"I",0.39,0.3,0.09,0.252,0.1065,7,8.5
"I",0.39,0.285,0.1,0.281,0.1275,7,8.5
"I",0.39,0.29,0.1,0.2225,0.095,7,8.5
"I",0.41,0.3,0.09,0.304,0.129,8,9.5
"I",0.41,0.3,0.09,0.28,0.141,8,9.5
"I",0.415,0.325,0.1,0.313,0.139,7,8.5
"I",0.425,0.325,0.11,0.317,0.135,8,9.5
"I",0.425,0.315,0.08,0.303,0.131,7,8.5
"I",0.435,0.335,0.1,0.3295,0.129,7,8.5
"I",0.435,0.325,0.11,0.367,0.1595,6,7.5
"I",0.45,0.34,0.095,0.3245,0.1385,8,9.5
"I",0.45,0.335,0.11,0.4195,0.181,7,8.5
"I",0.455,0.36,0.115,0.457,0.2085,10,11.5
"I",0.46,0.35,0.11,0.4,0.176,7,8.5
"I",0.46,0.355,0.11,0.4255,0.2015,7,8.5
"I",0.465,0.37,0.12,0.4365,0.188,9,10.5
"I",0.465,0.345,0.11,0.393,0.1825,8,9.5
"I",0.47,0.355,0.125,0.499,0.21,8,9.5
"I",0.475,0.36,0.145,0.6325,0.2825,8,9.5
"I",0.475,0.36,0.125,0.4905,0.205,8,9.5
"I",0.48,0.37,0.125,0.474,0.179,9,10.5
"I",0.48,0.37,0.12,0.536,0.251,8,9.5
"I",0.485,0.375,0.13,0.6025,0.2935,7,8.5
"I",0.49,0.375,0.115,0.4615,0.204,8,9.5
"I",0.49,0.4,0.135,0.624,0.3035,8,9.5
"I",0.495,0.37,0.125,0.4715,0.2075,8,9.5
"I",0.495,0.4,0.105,0.602,0.2505,8,9.5
"I",0.5,0.4,0.12,0.616,0.261,8,9.5
"I",0.5,0.39,0.12,0.5955,0.2455,8,9.5
"I",0.5,0.375,0.14,0.559,0.2375,9,10.5
"I",0.51,0.395,0.13,0.6025,0.281,7,8.5
"I",0.515,0.36,0.125,0.4725,0.1815,9,10.5
"I",0.515,0.35,0.105,0.4745,0.213,10,11.5
"I",0.515,0.395,0.125,0.6635,0.32,8,9.5
"I",0.515,0.39,0.125,0.5705,0.238,8,9.5
"I",0.52,0.41,0.145,0.646,0.2965,9,10.5
"I",0.52,0.39,0.13,0.5545,0.2355,7,8.5
"I",0.525,0.39,0.12,0.664,0.3115,9,10.5
"I",0.525,0.38,0.135,0.615,0.261,8,9.5
"I",0.525,0.4,0.14,0.654,0.305,7,8.5
"I",0.53,0.42,0.12,0.5965,0.2555,7,8.5
"I",0.53,0.43,0.135,0.6255,0.245,10,11.5
"I",0.53,0.4,0.145,0.555,0.1935,9,10.5
"I",0.53,0.42,0.13,0.8365,0.3745,11,12.5
"I",0.535,0.4,0.13,0.657,0.2835,7,8.5
"I",0.54,0.43,0.17,0.836,0.3725,9,10.5
"I",0.54,0.425,0.14,0.742,0.32,9,10.5
"I",0.54,0.43,0.14,0.8195,0.3935,9,10.5
"I",0.54,0.42,0.14,0.6275,0.2505,9,10.5
"I",0.54,0.425,0.13,0.7205,0.2955,10,11.5
"I",0.54,0.425,0.135,0.686,0.3475,8,9.5
"I",0.545,0.4,0.13,0.686,0.3285,9,10.5
"I",0.545,0.375,0.12,0.543,0.2375,8,9.5
"I",0.545,0.42,0.125,0.717,0.358,8,9.5
"I",0.55,0.425,0.15,0.639,0.269,9,10.5
"I",0.55,0.42,0.135,0.816,0.3995,12,13.5
"I",0.55,0.415,0.145,0.7815,0.373,8,9.5
"I",0.55,0.425,0.15,0.7665,0.339,8,9.5
"I",0.555,0.395,0.13,0.5585,0.222,9,10.5
"I",0.555,0.435,0.14,0.765,0.3945,8,9.5
"I",0.555,0.46,0.145,0.9005,0.3845,11,12.5
"I",0.56,0.445,0.15,0.8225,0.3685,10,11.5
"I",0.56,0.44,0.13,0.7235,0.349,8,9.5
"I",0.565,0.42,0.155,0.743,0.31,9,10.5
"I",0.57,0.435,0.17,0.848,0.4,9,10.5
"I",0.57,0.43,0.145,0.833,0.354,10,11.5
"I",0.57,0.445,0.155,0.867,0.3705,9,10.5
"I",0.57,0.445,0.145,0.7405,0.306,12,13.5
"I",0.575,0.425,0.135,0.7965,0.364,10,11.5
"I",0.575,0.45,0.125,0.78,0.3275,9,10.5
"I",0.575,0.445,0.17,0.8015,0.3475,9,10.5
"I",0.575,0.45,0.135,0.807,0.3615,10,11.5
"I",0.58,0.445,0.125,0.7095,0.303,9,10.5
"I",0.59,0.45,0.145,1.022,0.428,10,11.5
"I",0.59,0.46,0.145,0.9015,0.419,11,12.5
"I",0.595,0.46,0.15,0.8335,0.377,8,9.5
"I",0.6,0.48,0.17,0.9175,0.38,8,9.5
"I",0.605,0.47,0.145,0.8025,0.379,9,10.5
"I",0.61,0.465,0.125,0.9225,0.436,9,10.5
"I",0.62,0.485,0.18,1.154,0.4935,12,13.5
"I",0.62,0.49,0.16,1.066,0.446,11,12.5
"I",0.62,0.47,0.14,0.8565,0.3595,9,10.5
"I",0.62,0.45,0.135,0.924,0.358,10,11.5
"I",0.625,0.47,0.155,1.1955,0.643,12,13.5
"I",0.625,0.485,0.15,1.044,0.438,9,10.5
"I",0.635,0.5,0.165,1.489,0.715,13,14.5
"I",0.275,0.175,0.09,0.2315,0.096,5,6.5
"I",0.375,0.245,0.1,0.394,0.166,6,7.5
"I",0.435,0.3,0.12,0.5965,0.259,8,9.5
"I",0.455,0.335,0.105,0.422,0.229,6,7.5
"I",0.455,0.325,0.135,0.82,0.4005,8,9.5
"I",0.455,0.345,0.11,0.434,0.207,8,9.5
"I",0.465,0.325,0.14,0.7615,0.362,10,11.5
"I",0.485,0.365,0.105,0.5205,0.195,8,9.5
"I",0.485,0.345,0.16,0.869,0.3085,9,10.5
"I",0.535,0.385,0.18,1.0835,0.4955,8,9.5
"I",0.545,0.42,0.165,0.8935,0.4235,8,9.5
"I",0.575,0.45,0.13,0.8145,0.403,10,11.5
"I",0.585,0.45,0.15,0.8915,0.3975,8,9.5
"I",0.185,0.135,0.04,0.027,0.0105,5,6.5
"I",0.24,0.18,0.055,0.0555,0.0235,4,5.5
"I",0.31,0.215,0.075,0.1275,0.0565,7,8.5
"I",0.34,0.26,0.085,0.1885,0.0815,6,7.5
"I",0.35,0.265,0.08,0.2,0.09,7,8.5
"I",0.365,0.27,0.085,0.197,0.0815,6,7.5
"I",0.365,0.275,0.085,0.223,0.098,7,8.5
"I",0.365,0.27,0.075,0.2215,0.095,6,7.5
"I",0.39,0.31,0.105,0.2665,0.1185,8,9.5
"I",0.405,0.3,0.09,0.269,0.103,6,7.5
"I",0.41,0.315,0.095,0.2805,0.114,7,8.5
"I",0.41,0.335,0.105,0.3305,0.1405,7,8.5
"I",0.415,0.31,0.09,0.2815,0.1245,6,7.5
"I",0.415,0.31,0.1,0.2805,0.114,6,7.5
"I",0.415,0.31,0.095,0.311,0.1125,8,9.5
"I",0.42,0.325,0.1,0.368,0.1675,11,12.5
"I",0.43,0.34,0.1,0.3405,0.1395,8,9.5
"I",0.435,0.335,0.1,0.3245,0.135,7,8.5
"I",0.435,0.33,0.11,0.38,0.1515,7,8.5
"I",0.435,0.33,0.105,0.335,0.156,8,9.5
"I",0.435,0.345,0.12,0.3215,0.13,7,8.5
"I",0.445,0.33,0.11,0.358,0.1525,8,9.5
"I",0.465,0.37,0.11,0.445,0.1635,7,8.5
"I",0.47,0.375,0.12,0.487,0.196,8,9.5
"I",0.475,0.34,0.105,0.4535,0.203,9,10.5
"I",0.485,0.385,0.13,0.568,0.2505,7,8.5
"I",0.485,0.36,0.12,0.5155,0.2465,8,9.5
"I",0.485,0.37,0.115,0.457,0.1885,9,10.5
"I",0.495,0.38,0.135,0.5095,0.2065,8,9.5
"I",0.495,0.38,0.145,0.5,0.205,8,9.5
"I",0.495,0.375,0.14,0.494,0.181,8,9.5
"I",0.5,0.38,0.11,0.5605,0.28,9,10.5
"I",0.505,0.405,0.13,0.599,0.2245,11,12.5
"I",0.505,0.4,0.145,0.7045,0.334,8,9.5
"I",0.515,0.415,0.135,0.7125,0.285,10,11.5
"I",0.515,0.42,0.15,0.6725,0.2555,10,11.5
"I",0.52,0.41,0.11,0.5185,0.2165,8,9.5
"I",0.52,0.415,0.14,0.6375,0.308,9,10.5
"I",0.52,0.395,0.125,0.5805,0.2445,9,10.5
"I",0.52,0.38,0.115,0.6645,0.3285,7,8.5
"I",0.52,0.385,0.115,0.581,0.2555,10,11.5
"I",0.525,0.415,0.12,0.596,0.2805,9,10.5
"I",0.525,0.405,0.145,0.6965,0.3045,8,9.5
"I",0.525,0.4,0.145,0.6095,0.248,9,10.5
"I",0.53,0.43,0.14,0.677,0.298,8,9.5
"I",0.53,0.43,0.16,0.7245,0.321,9,10.5
"I",0.53,0.395,0.13,0.575,0.247,9,10.5
"I",0.53,0.405,0.12,0.632,0.2715,9,10.5
"I",0.535,0.455,0.14,1.0015,0.53,9,10.5
"I",0.54,0.395,0.135,0.6555,0.2705,9,10.5
"I",0.54,0.39,0.125,0.6255,0.2525,8,9.5
"I",0.545,0.425,0.14,0.8145,0.305,10,11.5
"I",0.545,0.43,0.14,0.687,0.2615,9,10.5
"I",0.55,0.435,0.14,0.7995,0.295,10,11.5
"I",0.55,0.45,0.13,0.804,0.3375,6,7.5
"I",0.555,0.45,0.175,0.738,0.304,9,10.5
"I",0.56,0.445,0.165,0.832,0.3455,9,10.5
"I",0.565,0.435,0.145,0.8445,0.3975,9,10.5
"I",0.565,0.46,0.155,0.8715,0.3755,10,11.5
"I",0.575,0.45,0.135,0.8715,0.45,10,11.5
"I",0.575,0.45,0.135,0.8245,0.3375,11,12.5
"I",0.58,0.44,0.145,0.7905,0.3525,10,11.5
"I",0.605,0.49,0.165,1.071,0.482,10,11.5
"I",0.64,0.49,0.135,1.1,0.488,10,11.5
"I",0.65,0.52,0.15,1.238,0.5495,10,11.5
"I",0.135,0.13,0.04,0.029,0.0125,4,5.5
"I",0.16,0.11,0.025,0.0195,0.0075,4,5.5
"I",0.21,0.15,0.055,0.0465,0.017,5,6.5
"I",0.28,0.21,0.075,0.1195,0.053,6,7.5
"I",0.28,0.2,0.065,0.0895,0.036,7,8.5
"I",0.285,0.215,0.06,0.0935,0.031,6,7.5
"I",0.29,0.21,0.07,0.1115,0.048,5,6.5
"I",0.29,0.21,0.06,0.1195,0.056,6,7.5
"I",0.29,0.21,0.065,0.097,0.0375,6,7.5
"I",0.32,0.24,0.07,0.133,0.0585,6,7.5
"I",0.325,0.25,0.07,0.1745,0.0875,7,8.5
"I",0.335,0.25,0.08,0.1695,0.0695,6,7.5
"I",0.35,0.235,0.08,0.17,0.0725,7,8.5
"I",0.35,0.25,0.07,0.1605,0.0715,6,7.5
"I",0.355,0.27,0.105,0.271,0.1425,9,10.5
"I",0.36,0.27,0.085,0.2185,0.1065,6,7.5
"I",0.36,0.27,0.085,0.196,0.0905,7,8.5
"I",0.375,0.28,0.08,0.226,0.105,6,7.5
"I",0.375,0.275,0.085,0.22,0.109,7,8.5
"I",0.395,0.29,0.095,0.3,0.158,7,8.5
"I",0.405,0.25,0.09,0.2875,0.128,7,8.5
"I",0.415,0.325,0.11,0.316,0.1385,8,9.5
"I",0.425,0.315,0.095,0.3675,0.1865,7,8.5
"I",0.43,0.32,0.11,0.3675,0.1675,8,9.5
"I",0.435,0.325,0.12,0.346,0.159,7,8.5
"I",0.46,0.35,0.11,0.4675,0.2125,7,8.5
"I",0.47,0.375,0.105,0.441,0.167,10,11.5
"I",0.475,0.365,0.12,0.5185,0.268,8,9.5
"I",0.51,0.455,0.135,0.6855,0.2875,9,10.5
"I",0.255,0.19,0.06,0.086,0.04,5,6.5
"I",0.27,0.195,0.065,0.1065,0.0475,5,6.5
"I",0.28,0.215,0.08,0.132,0.072,5,6.5
"I",0.285,0.215,0.07,0.1075,0.051,6,7.5
"I",0.32,0.255,0.085,0.1745,0.072,8,9.5
"I",0.325,0.24,0.07,0.152,0.0565,8,9.5
"I",0.385,0.28,0.1,0.2755,0.1305,8,9.5
"I",0.395,0.295,0.1,0.293,0.14,7,8.5
"I",0.405,0.31,0.09,0.312,0.138,8,9.5
"I",0.415,0.305,0.12,0.336,0.165,7,8.5
"I",0.42,0.315,0.115,0.355,0.1895,6,7.5
"I",0.44,0.305,0.115,0.379,0.162,9,10.5
"I",0.445,0.32,0.12,0.378,0.152,8,9.5
"I",0.465,0.355,0.09,0.4325,0.2005,9,10.5
"I",0.48,0.35,0.135,0.5465,0.2735,8,9.5
"I",0.49,0.37,0.11,0.538,0.271,8,9.5
"I",0.55,0.42,0.115,0.668,0.2925,11,12.5
"I",0.405,0.305,0.09,0.2825,0.114,7,8.5
"I",0.37,0.29,0.1,0.25,0.1025,10,11.5
"I",0.41,0.31,0.11,0.315,0.124,9,10.5
"I",0.325,0.25,0.055,0.166,0.076,5,6.5
"I",0.455,0.355,0.08,0.452,0.2165,9,10.5
"I",0.385,0.29,0.09,0.232,0.0855,7,8.5
"I",0.13,0.095,0.035,0.0105,0.005,4,5.5
"I",0.18,0.13,0.045,0.0275,0.0125,3,4.5
"I",0.31,0.225,0.05,0.1445,0.0675,6,7.5
"I",0.455,0.37,0.125,0.433,0.201,9,10.5
"I",0.475,0.36,0.11,0.4555,0.177,9,10.5
"I",0.4,0.31,0.1,0.127,0.106,7,8.5
"I",0.32,0.24,0.075,0.1735,0.076,7,8.5
"I",0.46,0.35,0.11,0.3945,0.1685,9,10.5
"I",0.28,0.2,0.075,0.1225,0.0545,5,6.5
"I",0.38,0.28,0.085,0.2735,0.115,6,7.5
"I",0.165,0.115,0.015,0.0145,0.0055,4,5.5
"I",0.19,0.13,0.03,0.0295,0.0155,6,7.5
"I",0.215,0.15,0.03,0.0385,0.0115,5,6.5
"I",0.32,0.235,0.08,0.1485,0.064,6,7.5
"I",0.215,0.17,0.055,0.0605,0.0205,6,7.5
"I",0.43,0.325,0.11,0.3675,0.1355,13,14.5
"I",0.26,0.215,0.08,0.099,0.037,5,6.5
"I",0.37,0.28,0.09,0.233,0.0905,11,12.5
"I",0.405,0.305,0.105,0.3625,0.1565,10,11.5
"I",0.27,0.19,0.08,0.081,0.0265,6,7.5
"I",0.275,0.22,0.08,0.1365,0.0565,6,7.5
"I",0.33,0.26,0.08,0.19,0.0765,7,8.5
"I",0.355,0.28,0.11,0.2235,0.0815,7,8.5
"I",0.275,0.2,0.075,0.086,0.0305,7,8.5
"I",0.46,0.335,0.11,0.444,0.225,8,9.5
"I",0.355,0.28,0.1,0.2275,0.0935,11,12.5
"I",0.59,0.45,0.16,0.893,0.2745,14,15.5
"I",0.485,0.415,0.14,0.5705,0.25,8,9.5
"I",0.435,0.345,0.12,0.4475,0.221,7,8.5
"I",0.405,0.315,0.105,0.347,0.1605,9,10.5
"I",0.42,0.33,0.1,0.352,0.1635,9,10.5
"I",0.33,0.265,0.09,0.18,0.068,6,7.5
"I",0.325,0.27,0.1,0.185,0.08,6,7.5
"I",0.34,0.26,0.09,0.179,0.076,6,7.5
"I",0.415,0.325,0.1,0.385,0.167,7,8.5
"I",0.495,0.385,0.125,0.585,0.2755,8,9.5
"I",0.315,0.24,0.07,0.137,0.0545,8,9.5
"I",0.4,0.31,0.1,0.2875,0.1145,10,11.5
"I",0.395,0.325,0.105,0.306,0.111,8,9.5
"I",0.48,0.39,0.145,0.5825,0.2315,15,16.5
"I",0.42,0.345,0.115,0.3435,0.1515,9,10.5
"I",0.31,0.24,0.09,0.1455,0.0605,7,8.5
"I",0.255,0.185,0.07,0.075,0.028,6,7.5
"I",0.17,0.125,0.055,0.0235,0.009,6,7.5
"I",0.56,0.44,0.17,0.9445,0.3545,12,13.5
"I",0.42,0.325,0.115,0.354,0.1625,8,9.5
"I",0.435,0.335,0.11,0.383,0.1555,12,13.5
"I",0.535,0.41,0.155,0.6315,0.2745,12,13.5
"I",0.415,0.325,0.115,0.3285,0.1405,12,13.5
"I",0.525,0.43,0.15,0.7365,0.3225,11,12.5
"I",0.47,0.35,0.135,0.567,0.2315,11,12.5
"I",0.515,0.375,0.14,0.6505,0.2495,10,11.5
"I",0.3,0.22,0.09,0.1425,0.057,7,8.5
"I",0.625,0.46,0.16,1.2395,0.55,14,15.5
"I",0.61,0.475,0.17,1.0385,0.4435,14,15.5
"I",0.625,0.465,0.155,0.972,0.404,14,15.5
"I",0.635,0.505,0.19,1.3315,0.5805,17,18.5
"I",0.5,0.385,0.155,0.762,0.3795,14,15.5
"I",0.445,0.33,0.1,0.437,0.163,13,14.5
"I",0.44,0.355,0.165,0.435,0.159,16,17.5
"I",0.555,0.455,0.17,0.8435,0.309,15,16.5
"I",0.655,0.515,0.145,1.25,0.5265,15,16.5
"I",0.625,0.43,0.175,1.411,0.572,12,13.5
"I",0.62,0.485,0.17,1.208,0.4805,15,16.5
"I",0.5,0.395,0.12,0.537,0.2165,9,10.5
"I",0.42,0.305,0.11,0.28,0.094,9,10.5
"I",0.52,0.415,0.16,0.595,0.2105,15,16.5
"I",0.575,0.45,0.17,0.9315,0.358,13,14.5
"I",0.565,0.435,0.155,0.782,0.2715,14,15.5
"I",0.52,0.38,0.14,0.525,0.1775,11,12.5
"I",0.635,0.5,0.18,1.319,0.5485,16,17.5
"I",0.335,0.24,0.095,0.17,0.062,9,10.5
"I",0.275,0.205,0.08,0.096,0.036,6,7.5
"I",0.325,0.2,0.08,0.0995,0.0395,8,9.5
"I",0.275,0.2,0.065,0.092,0.0385,5,6.5
"I",0.235,0.17,0.065,0.0625,0.023,6,7.5
"I",0.25,0.18,0.06,0.073,0.028,5,6.5
"I",0.25,0.185,0.065,0.071,0.027,5,6.5
"I",0.2,0.145,0.05,0.036,0.0125,4,5.5
"I",0.355,0.26,0.09,0.1925,0.077,8,9.5
"I",0.42,0.31,0.1,0.2865,0.115,8,9.5
"I",0.285,0.21,0.07,0.109,0.044,5,6.5
"I",0.3,0.23,0.075,0.127,0.052,6,7.5
"I",0.31,0.24,0.105,0.2885,0.118,6,7.5
"I",0.34,0.255,0.075,0.18,0.0745,6,7.5
"I",0.375,0.3,0.075,0.144,0.059,7,8.5
"I",0.415,0.325,0.1,0.4665,0.2285,7,8.5
"I",0.415,0.315,0.105,0.33,0.1405,6,7.5
"I",0.415,0.315,0.09,0.3625,0.175,6,7.5
"I",0.42,0.32,0.1,0.34,0.1745,8,9.5
"I",0.425,0.31,0.105,0.365,0.159,6,7.5
"I",0.47,0.37,0.11,0.5555,0.25,8,9.5
"I",0.475,0.365,0.12,0.53,0.2505,10,11.5
"I",0.505,0.39,0.185,0.6125,0.267,7,8.5
"I",0.66,0.525,0.215,1.786,0.6725,11,12.5
"I",0.205,0.15,0.065,0.04,0.02,4,5.5
"I",0.225,0.17,0.07,0.0565,0.024,4,5.5
"I",0.23,0.18,0.05,0.064,0.0215,5,6.5
"I",0.275,0.195,0.07,0.0875,0.0345,4,5.5
"I",0.28,0.21,0.055,0.106,0.0415,5,6.5
"I",0.28,0.22,0.08,0.1315,0.066,5,6.5
"I",0.295,0.22,0.07,0.126,0.0515,6,7.5
"I",0.31,0.225,0.075,0.155,0.065,6,7.5
"I",0.315,0.235,0.07,0.149,0.058,7,8.5
"I",0.34,0.265,0.07,0.185,0.0625,7,8.5
"I",0.37,0.29,0.08,0.2545,0.108,6,7.5
"I",0.38,0.285,0.085,0.237,0.115,6,7.5
"I",0.39,0.295,0.1,0.279,0.1155,7,8.5
"I",0.405,0.31,0.065,0.3205,0.1575,6,7.5
"I",0.415,0.325,0.1,0.3335,0.1445,7,8.5
"I",0.44,0.335,0.11,0.3885,0.175,7,8.5
"I",0.44,0.345,0.115,0.545,0.269,6,7.5
"I",0.44,0.325,0.1,0.4165,0.185,6,7.5
"I",0.44,0.355,0.12,0.495,0.231,7,8.5
"I",0.45,0.35,0.125,0.4775,0.2235,6,7.5
"I",0.45,0.35,0.12,0.468,0.2005,8,9.5
"I",0.46,0.345,0.12,0.4155,0.198,7,8.5
"I",0.46,0.345,0.115,0.4215,0.1895,6,7.5
"I",0.465,0.355,0.11,0.474,0.23,7,8.5
"I",0.475,0.385,0.11,0.5735,0.311,7,8.5
"I",0.475,0.355,0.105,0.468,0.201,8,9.5
"I",0.5,0.38,0.11,0.494,0.218,7,8.5
"I",0.505,0.385,0.12,0.6005,0.239,7,8.5
"I",0.22,0.16,0.05,0.049,0.0215,4,5.5
"I",0.275,0.205,0.07,0.1055,0.495,5,6.5
"I",0.29,0.21,0.06,0.1045,0.0415,5,6.5
"I",0.33,0.24,0.075,0.163,0.0745,6,7.5
"I",0.355,0.285,0.095,0.2275,0.0955,6,7.5
"I",0.375,0.29,0.1,0.219,0.0925,6,7.5
"I",0.415,0.315,0.1,0.3645,0.1765,8,9.5
"I",0.425,0.33,0.115,0.3265,0.1315,6,7.5
"I",0.425,0.34,0.1,0.3515,0.1625,7,8.5
"I",0.43,0.32,0.1,0.3465,0.1635,7,8.5
"I",0.44,0.34,0.1,0.407,0.209,7,8.5
"I",0.44,0.335,0.115,0.4215,0.173,7,8.5
"I",0.46,0.345,0.11,0.3755,0.1525,7,8.5
"I",0.46,0.37,0.12,0.5335,0.2645,6,7.5
"I",0.465,0.355,0.105,0.442,0.2085,7,8.5
"I",0.475,0.365,0.1,0.1315,0.2025,7,8.5
"I",0.475,0.375,0.115,0.5205,0.233,7,8.5
"I",0.485,0.375,0.13,0.5535,0.266,8,9.5
"I",0.49,0.375,0.125,0.5445,0.279,8,9.5
"I",0.495,0.38,0.12,0.512,0.233,7,8.5
"I",0.5,0.39,0.125,0.583,0.294,8,9.5
"I",0.51,0.395,0.155,0.5395,0.2465,8,9.5
"I",0.51,0.385,0.15,0.625,0.3095,8,9.5
"I",0.515,0.4,0.125,0.5925,0.265,9,10.5
"I",0.52,0.395,0.135,0.633,0.2985,9,10.5
"I",0.55,0.42,0.13,0.636,0.294,8,9.5
"I",0.555,0.425,0.13,0.648,0.2835,8,9.5
"I",0.19,0.14,0.03,0.0315,0.0125,3,4.5
"I",0.21,0.15,0.045,0.04,0.0135,4,5.5
"I",0.25,0.175,0.06,0.0635,0.0275,4,5.5
"I",0.29,0.215,0.065,0.0985,0.0425,5,6.5
"I",0.335,0.25,0.08,0.167,0.0675,6,7.5
"I",0.34,0.245,0.085,0.2015,0.1005,6,7.5
"I",0.345,0.255,0.095,0.183,0.075,6,7.5
"I",0.355,0.255,0.08,0.187,0.078,7,8.5
"I",0.36,0.26,0.08,0.1795,0.074,5,6.5
"I",0.37,0.275,0.09,0.2065,0.096,7,8.5
"I",0.375,0.29,0.14,0.3,0.14,8,9.5
"I",0.375,0.275,0.095,0.2295,0.095,7,8.5
"I",0.385,0.3,0.125,0.343,0.1705,7,8.5
"I",0.385,0.285,0.085,0.244,0.1215,8,9.5
"I",0.395,0.32,0.1,0.3075,0.149,8,9.5
"I",0.4,0.305,0.1,0.3415,0.176,7,8.5
"I",0.405,0.305,0.1,0.271,0.0965,7,8.5
"I",0.405,0.31,0.11,0.91,0.416,8,9.5
"I",0.405,0.305,0.1,0.268,0.1145,7,8.5
"I",0.405,0.3,0.09,0.2885,0.138,6,7.5
"I",0.41,0.315,0.1,0.3,0.124,8,9.5
"I",0.41,0.325,0.11,0.326,0.1325,8,9.5
"I",0.415,0.335,0.1,0.358,0.169,7,8.5
"I",0.42,0.325,0.115,0.314,0.1295,8,9.5
"I",0.42,0.315,0.11,0.4025,0.1855,8,9.5
"I",0.43,0.34,0.11,0.3645,0.159,7,8.5
"I",0.445,0.36,0.11,0.4235,0.182,9,10.5
"I",0.45,0.335,0.095,0.3505,0.1615,7,8.5
"I",0.455,0.34,0.115,0.486,0.261,8,9.5
"I",0.46,0.35,0.1,0.471,0.252,8,9.5
"I",0.46,0.345,0.105,0.415,0.187,8,9.5
"I",0.475,0.355,0.115,0.5195,0.279,7,8.5
"I",0.485,0.38,0.125,0.5215,0.2215,8,9.5
"I",0.485,0.365,0.14,0.4475,0.1895,8,9.5
"I",0.49,0.365,0.125,0.5585,0.252,10,11.5
"I",0.505,0.385,0.125,0.596,0.245,9,10.5
"I",0.505,0.38,0.135,0.5385,0.2645,9,10.5
"I",0.51,0.385,0.145,0.7665,0.3985,8,9.5
"I",0.515,0.39,0.11,0.531,0.2415,8,9.5
"I",0.525,0.385,0.13,0.607,0.2355,8,9.5
"I",0.525,0.4,0.13,0.6445,0.345,8,9.5
"I",0.525,0.375,0.12,0.6315,0.3045,9,10.5
"I",0.55,0.43,0.145,0.712,0.3025,10,11.5
"I",0.55,0.425,0.145,0.89,0.4325,10,11.5
"I",0.55,0.42,0.155,0.912,0.495,9,10.5
"I",0.55,0.425,0.135,0.656,0.257,10,11.5
"I",0.55,0.465,0.15,0.936,0.481,9,10.5
"I",0.555,0.435,0.145,0.6975,0.262,11,12.5
"I",0.56,0.44,0.14,0.825,0.402,10,11.5
"I",0.56,0.435,0.135,0.72,0.329,11,12.5
"I",0.565,0.43,0.15,0.8215,0.332,11,12.5
"I",0.585,0.46,0.145,0.8465,0.339,10,11.5
"I",0.585,0.42,0.145,0.6735,0.2895,9,10.5
"I",0.24,0.17,0.05,0.0545,0.0205,5,6.5
"I",0.255,0.195,0.055,0.0725,0.0285,4,5.5
"I",0.275,0.2,0.055,0.0925,0.038,4,5.5
"I",0.32,0.235,0.09,0.183,0.098,7,8.5
"I",0.325,0.24,0.075,0.1525,0.072,6,7.5
"I",0.33,0.225,0.075,0.187,0.0945,7,8.5
"I",0.36,0.27,0.09,0.232,0.12,8,9.5
"I",0.375,0.265,0.095,0.196,0.085,5,6.5
"I",0.375,0.285,0.09,0.2545,0.119,6,7.5
"I",0.39,0.29,0.09,0.2625,0.117,7,8.5
"I",0.45,0.335,0.105,0.362,0.1575,7,8.5
"I",0.455,0.35,0.105,0.4445,0.213,7,8.5
"I",0.46,0.365,0.115,0.511,0.2365,7,8.5
"I",0.495,0.375,0.12,0.589,0.3075,8,9.5
"I",0.5,0.375,0.12,0.529,0.2235,8,9.5
"I",0.52,0.395,0.145,0.77,0.424,7,8.5
"I",0.31,0.23,0.07,0.1245,0.0505,6,7.5
"I",0.315,0.235,0.075,0.1285,0.051,4,5.5
"I",0.32,0.205,0.08,0.181,0.088,5,6.5
"I",0.325,0.25,0.075,0.1585,0.075,6,7.5
"I",0.335,0.26,0.09,0.1965,0.0875,7,8.5
"I",0.37,0.28,0.085,0.198,0.0805,5,6.5
"I",0.37,0.27,0.09,0.1855,0.07,7,8.5
"I",0.375,0.28,0.085,0.2145,0.0855,7,8.5
"I",0.4,0.315,0.09,0.3245,0.151,8,9.5
"I",0.41,0.305,0.095,0.2625,0.1,6,7.5
"I",0.425,0.34,0.1,0.371,0.15,8,9.5
"I",0.435,0.335,0.095,0.298,0.109,7,8.5
"I",0.445,0.31,0.09,0.336,0.1555,7,8.5
"I",0.46,0.36,0.14,0.447,0.161,9,10.5
"I",0.47,0.385,0.13,0.587,0.264,8,9.5
"I",0.475,0.375,0.11,0.494,0.211,8,9.5
"I",0.495,0.375,0.12,0.614,0.2855,8,9.5
"I",0.5,0.39,0.13,0.5075,0.2115,9,10.5
"I",0.5,0.37,0.12,0.5445,0.249,8,9.5
"I",0.505,0.425,0.125,0.6115,0.245,9,10.5
"I",0.505,0.4,0.125,0.5605,0.2255,8,9.5
"I",0.51,0.4,0.145,0.5775,0.231,9,10.5
"I",0.51,0.4,0.125,0.5935,0.239,8,9.5
"I",0.52,0.4,0.11,0.597,0.2935,8,9.5
"I",0.53,0.38,0.125,0.616,0.292,8,9.5
"I",0.54,0.425,0.13,0.8155,0.3675,11,12.5
"I",0.54,0.415,0.11,0.619,0.2755,10,11.5
"I",0.545,0.43,0.13,0.7595,0.358,8,9.5
"I",0.545,0.43,0.15,0.742,0.3525,10,11.5
"I",0.55,0.435,0.165,0.804,0.34,8,9.5
"I",0.55,0.425,0.13,0.664,0.2695,8,9.5
"I",0.56,0.43,0.13,0.728,0.3355,8,9.5
"I",0.56,0.435,0.13,0.777,0.354,9,10.5
"I",0.575,0.455,0.16,0.9895,0.495,9,10.5
"I",0.585,0.45,0.135,0.855,0.3795,9,10.5
"I",0.59,0.46,0.125,0.755,0.334,9,10.5
"I",0.59,0.475,0.145,0.9745,0.4675,10,11.5
"I",0.6,0.445,0.135,0.9205,0.445,9,10.5
"I",0.605,0.48,0.155,0.9995,0.425,10,11.5
"I",0.61,0.425,0.155,1.0485,0.507,11,12.5
"I",0.61,0.49,0.16,1.1545,0.5865,11,12.5
"I",0.67,0.485,0.175,1.2565,0.5355,9,10.5
"I",0.32,0.215,0.095,0.305,0.14,6,7.5
"I",0.43,0.345,0.115,0.4295,0.212,8,9.5
"I",0.43,0.33,0.1,0.449,0.254,6,7.5
"I",0.5,0.37,0.115,0.5745,0.306,7,8.5
"I",0.535,0.4,0.135,0.775,0.368,8,9.5
"I",0.595,0.43,0.165,0.9845,0.4525,8,9.5
"I",0.255,0.185,0.065,0.074,0.0305,4,5.5
"I",0.375,0.26,0.08,0.2075,0.09,6,7.5
"I",0.375,0.285,0.09,0.237,0.106,8,9.5
"I",0.39,0.3,0.1,0.2665,0.1105,7,8.5
"I",0.39,0.28,0.09,0.215,0.0845,8,9.5
"I",0.395,0.3,0.09,0.253,0.1155,6,7.5
"I",0.42,0.32,0.11,0.309,0.115,6,7.5
"I",0.435,0.335,0.105,0.3535,0.156,7,8.5
"I",0.435,0.325,0.105,0.335,0.136,8,9.5
"I",0.44,0.32,0.105,0.3875,0.1755,9,10.5
"I",0.45,0.33,0.115,0.365,0.14,8,9.5
"I",0.45,0.34,0.125,0.4045,0.171,8,9.5
"I",0.455,0.355,0.105,0.372,0.138,9,10.5
"I",0.46,0.37,0.11,0.3965,0.1485,8,9.5
"I",0.47,0.375,0.125,0.5225,0.2265,8,9.5
"I",0.475,0.375,0.11,0.456,0.182,9,10.5
"I",0.495,0.33,0.1,0.44,0.177,7,8.5
"I",0.495,0.375,0.115,0.507,0.241,8,9.5
"I",0.5,0.38,0.135,0.5285,0.226,8,9.5
"I",0.515,0.385,0.125,0.572,0.237,7,8.5
"I",0.52,0.41,0.14,0.6625,0.2775,11,12.5
"I",0.52,0.395,0.115,0.6445,0.3155,11,12.5
"I",0.525,0.4,0.11,0.6275,0.3015,8,9.5
"I",0.535,0.42,0.145,0.6885,0.273,9,10.5
"I",0.55,0.405,0.15,0.6755,0.3015,10,11.5
"I",0.55,0.445,0.145,0.783,0.3045,11,12.5
"I",0.565,0.44,0.135,0.768,0.3305,9,10.5
"I",0.575,0.43,0.13,0.7425,0.2895,8,9.5
"I",0.575,0.445,0.16,0.9175,0.45,9,10.5
"I",0.59,0.47,0.145,0.974,0.453,8,9.5
"I",0.62,0.475,0.16,0.907,0.371,11,12.5
"I",0.225,0.17,0.05,0.0515,0.019,4,5.5
"I",0.23,0.17,0.05,0.057,0.026,5,6.5
"I",0.255,0.185,0.06,0.0925,0.039,6,7.5
"I",0.355,0.27,0.075,0.204,0.3045,7,8.5
"I",0.425,0.31,0.095,0.3075,0.139,7,8.5
"I",0.425,0.32,0.085,0.262,0.1235,8,9.5
"I",0.29,0.215,0.06,0.1115,0.053,5,6.5
"I",0.3,0.22,0.065,0.1235,0.059,5,6.5
"I",0.37,0.275,0.1,0.2815,0.1505,5,6.5
"I",0.375,0.285,0.08,0.226,0.0975,7,8.5
"I",0.38,0.29,0.085,0.2285,0.088,7,8.5
"I",0.395,0.3,0.12,0.2995,0.1265,8,9.5
"I",0.41,0.325,0.105,0.361,0.1605,8,9.5
"I",0.415,0.32,0.115,0.3045,0.1215,7,8.5
"I",0.425,0.325,0.105,0.3975,0.1815,7,8.5
"I",0.44,0.34,0.1,0.379,0.1725,7,8.5
"I",0.44,0.34,0.12,0.4995,0.2965,6,7.5
"I",0.335,0.26,0.09,0.1835,0.078,11,12.5
"I",0.18,0.135,0.08,0.033,0.0145,5,6.5
"I",0.215,0.165,0.055,0.059,0.0265,5,6.5
"I",0.2,0.15,0.04,0.046,0.021,4,5.5
"I",0.275,0.2,0.065,0.1165,0.0565,7,8.5
"I",0.51,0.405,0.12,0.61,0.229,11,12.5
"I",0.27,0.195,0.07,0.102,0.045,8,9.5
"I",0.2,0.145,0.025,0.0345,0.011,5,6.5
"I",0.325,0.245,0.075,0.1495,0.0605,5,6.5
"I",0.31,0.235,0.075,0.1515,0.056,7,8.5
"I",0.295,0.215,0.075,0.116,0.037,8,9.5
"I",0.48,0.38,0.125,0.523,0.2105,15,16.5
"I",0.32,0.25,0.08,0.1565,0.057,9,10.5
"I",0.43,0.34,0.125,0.384,0.1375,14,15.5
"I",0.44,0.35,0.12,0.375,0.1425,9,10.5
"I",0.42,0.325,0.125,0.3915,0.1575,9,10.5
"I",0.345,0.285,0.1,0.2225,0.0865,8,9.5
"I",0.455,0.375,0.125,0.533,0.233,8,9.5
"I",0.43,0.35,0.105,0.366,0.1705,6,7.5
"I",0.3,0.23,0.075,0.15,0.0605,5,6.5
"I",0.6,0.445,0.175,1.057,0.383,16,17.5
"I",0.41,0.3,0.115,0.2595,0.097,10,11.5
"I",0.485,0.355,0.12,0.5085,0.21,9,10.5
"I",0.45,0.355,0.115,0.4385,0.184,11,12.5
"I",0.49,0.385,0.14,0.5425,0.198,11,12.5
"I",0.375,0.28,0.1,0.2565,0.1165,12,13.5
"I",0.55,0.415,0.135,0.8095,0.2985,12,13.5
"I",0.635,0.48,0.2,1.3655,0.6255,16,17.5
"I",0.575,0.475,0.17,0.967,0.3775,13,14.5
"I",0.44,0.34,0.125,0.4895,0.1735,13,14.5
"I",0.45,0.36,0.125,0.45,0.191,12,13.5
"I",0.39,0.3,0.105,0.259,0.0955,8,9.5
"I",0.66,0.525,0.18,1.6935,0.6025,15,16.5
"I",0.54,0.435,0.145,0.97,0.4285,17,18.5
"I",0.495,0.38,0.145,0.515,0.175,13,14.5
"I",0.47,0.4,0.16,0.51,0.1615,14,15.5
"I",0.49,0.385,0.115,0.683,0.3265,13,14.5
"I",0.47,0.375,0.105,0.468,0.1665,10,11.5
"I",0.445,0.345,0.13,0.4075,0.1365,11,12.5
"I",0.475,0.365,0.14,0.4545,0.171,8,9.5
"I",0.435,0.34,0.11,0.407,0.1685,10,11.5
"I",0.39,0.3,0.1,0.3085,0.1385,6,7.5
"I",0.375,0.285,0.1,0.239,0.105,8,9.5
"I",0.58,0.445,0.17,1.178,0.3935,20,21.5
"I",0.54,0.405,0.15,0.7585,0.307,10,11.5
"I",0.44,0.31,0.115,0.3625,0.134,11,12.5
"I",0.59,0.465,0.195,1.0885,0.3685,17,18.5
"I",0.61,0.48,0.165,1.097,0.4215,13,14.5
"I",0.61,0.46,0.17,1.278,0.41,17,18.5
"I",0.44,0.33,0.135,0.522,0.17,16,17.5
"I",0.31,0.235,0.09,0.127,0.048,6,7.5
"I",0.255,0.19,0.07,0.0815,0.028,5,6.5
"I",0.295,0.21,0.08,0.1,0.038,8,9.5
"I",0.19,0.13,0.045,0.0265,0.009,5,6.5
"I",0.35,0.265,0.11,0.209,0.066,9,10.5
"I",0.34,0.25,0.075,0.1765,0.0785,7,8.5
"I",0.35,0.28,0.075,0.196,0.082,8,9.5
"I",0.35,0.265,0.08,0.192,0.081,6,7.5
"I",0.39,0.315,0.09,0.3095,0.147,7,8.5
"I",0.395,0.31,0.095,0.313,0.131,7,8.5
"I",0.415,0.31,0.105,0.3595,0.167,6,7.5
"I",0.43,0.32,0.1,0.3855,0.192,7,8.5
"I",0.48,0.355,0.115,0.5785,0.25,8,9.5
"I",0.25,0.18,0.065,0.0805,0.0345,4,5.5
"I",0.28,0.21,0.065,0.111,0.0425,6,7.5
"I",0.325,0.24,0.075,0.152,0.065,6,7.5
"I",0.35,0.265,0.095,0.199,0.073,5,6.5
"I",0.36,0.27,0.09,0.219,0.097,6,7.5
"I",0.365,0.27,0.105,0.2155,0.0915,6,7.5
"I",0.37,0.28,0.09,0.2565,0.1255,6,7.5
"I",0.375,0.285,0.09,0.257,0.1045,7,8.5
"I",0.38,0.275,0.095,0.2505,0.0945,6,7.5
"I",0.395,0.3,0.09,0.279,0.134,8,9.5
"I",0.43,0.335,0.105,0.378,0.188,6,7.5
"I",0.44,0.35,0.125,0.456,0.21,8,9.5
"I",0.465,0.37,0.1,0.5055,0.234,7,8.5
"I",0.485,0.37,0.1,0.513,0.219,7,8.5
"I",0.495,0.4,0.145,0.578,0.2545,8,9.5
"I",0.5,0.385,0.11,0.596,0.3015,8,9.5
"I",0.165,0.12,0.05,0.021,0.0075,3,4.5
"I",0.21,0.15,0.055,0.0455,0.02,4,5.5
"I",0.355,0.265,0.085,0.2435,0.122,6,7.5
"I",0.4,0.315,0.085,0.2675,0.116,6,7.5
"I",0.4,0.29,0.1,0.258,0.104,7,8.5
"I",0.4,0.3,0.11,0.2985,0.1375,6,7.5
"I",0.435,0.335,0.11,0.411,0.2025,7,8.5
"I",0.44,0.33,0.11,0.38,0.197,7,8.5
"I",0.45,0.34,0.105,0.4385,0.21,8,9.5
"I",0.465,0.345,0.105,0.4015,0.242,6,7.5
"I",0.47,0.355,0.145,0.4485,0.156,7,8.5
"I",0.47,0.355,0.115,0.4155,0.167,7,8.5
"I",0.475,0.42,0.16,0.7095,0.35,8,9.5
"I",0.485,0.37,0.115,0.637,0.38,7,8.5
"I",0.51,0.405,0.13,0.599,0.3065,8,9.5
"I",0.52,0.38,0.13,0.5345,0.2375,8,9.5
"I",0.215,0.15,0.055,0.041,0.015,3,4.5
"I",0.24,0.185,0.06,0.0655,0.0295,4,5.5
"I",0.26,0.205,0.07,0.097,0.0415,4,5.5
"I",0.32,0.24,0.085,0.131,0.0615,6,7.5
"I",0.33,0.23,0.085,0.1695,0.079,6,7.5
"I",0.335,0.26,0.085,0.192,0.097,6,7.5
"I",0.35,0.26,0.09,0.1765,0.072,7,8.5
"I",0.35,0.265,0.085,0.1735,0.0775,6,7.5
"I",0.36,0.265,0.075,0.1785,0.0785,6,7.5
"I",0.36,0.265,0.09,0.2055,0.096,7,8.5
"I",0.365,0.275,0.09,0.2345,0.108,7,8.5
"I",0.38,0.285,0.09,0.2305,0.1005,7,8.5
"I",0.4,0.31,0.115,0.314,0.1545,6,7.5
"I",0.4,0.315,0.09,0.33,0.151,6,7.5
"I",0.4,0.265,0.1,0.2775,0.1245,9,10.5
"I",0.425,0.325,0.11,0.405,0.1695,8,9.5
"I",0.43,0.325,0.105,0.309,0.119,6,7.5
"I",0.435,0.34,0.12,0.396,0.1775,8,9.5
"I",0.445,0.355,0.095,0.3615,0.1415,8,9.5
"I",0.45,0.35,0.11,0.514,0.253,8,9.5
"I",0.455,0.435,0.11,0.4265,0.195,8,9.5
"I",0.46,0.34,0.09,0.384,0.1795,8,9.5
"I",0.475,0.355,0.125,0.4865,0.2155,9,10.5
"I",0.475,0.36,0.135,0.4355,0.196,8,9.5
"I",0.475,0.35,0.115,0.498,0.2375,7,8.5
"I",0.48,0.355,0.125,0.494,0.2385,9,10.5
"I",0.5,0.365,0.125,0.528,0.229,9,10.5
"I",0.515,0.4,0.135,0.636,0.3055,9,10.5
"I",0.525,0.39,0.105,0.567,0.2875,8,9.5
"I",0.53,0.405,0.13,0.6615,0.2945,9,10.5
"I",0.53,0.42,0.13,0.658,0.296,8,9.5
"I",0.535,0.41,0.13,0.6075,0.268,9,10.5
"I",0.54,0.41,0.135,0.7025,0.31,8,9.5
"I",0.55,0.425,0.155,0.8725,0.412,10,11.5
"I",0.57,0.42,0.13,0.7745,0.3535,9,10.5
"I",0.575,0.455,0.155,0.8725,0.349,8,9.5
"I",0.575,0.44,0.125,0.8515,0.4555,9,10.5
"I",0.58,0.46,0.14,0.9265,0.4135,10,11.5
"I",0.58,0.46,0.14,0.8295,0.3915,10,11.5
"I",0.58,0.47,0.15,0.907,0.444,11,12.5
"I",0.63,0.465,0.15,1.0315,0.4265,11,12.5
"I",0.175,0.125,0.04,0.028,0.0095,4,5.5
"I",0.37,0.285,0.095,0.226,0.1135,8,9.5
"I",0.395,0.3,0.09,0.2855,0.1385,5,6.5
"I",0.42,0.325,0.11,0.325,0.1245,7,8.5
"I",0.455,0.37,0.11,0.514,0.2385,8,9.5
"I",0.495,0.375,0.115,0.5755,0.31,8,9.5
"I",0.27,0.205,0.05,0.084,0.03,6,7.5
"I",0.285,0.225,0.07,0.1005,0.0425,7,8.5
"I",0.295,0.22,0.085,0.1285,0.0585,5,6.5
"I",0.3,0.225,0.075,0.1345,0.057,5,6.5
"I",0.3,0.22,0.065,0.1195,0.052,5,6.5
"I",0.36,0.265,0.085,0.1895,0.0725,6,7.5
"I",0.37,0.275,0.095,0.257,0.1015,6,7.5
"I",0.39,0.29,0.09,0.2745,0.135,8,9.5
"I",0.435,0.325,0.1,0.342,0.1335,6,7.5
"I",0.44,0.34,0.105,0.344,0.123,8,9.5
"I",0.44,0.32,0.095,0.3275,0.1495,8,9.5
"I",0.445,0.345,0.12,0.4035,0.169,7,8.5
"I",0.465,0.37,0.115,0.4075,0.1515,9,10.5
"I",0.465,0.355,0.12,0.4975,0.2375,8,9.5
"I",0.47,0.345,0.12,0.3685,0.1525,8,9.5
"I",0.475,0.365,0.105,0.4175,0.1645,7,8.5
"I",0.475,0.335,0.1,0.4425,0.1895,9,10.5
"I",0.475,0.35,0.125,0.4225,0.1905,9,10.5
"I",0.485,0.365,0.125,0.426,0.163,8,9.5
"I",0.49,0.39,0.12,0.511,0.2205,9,10.5
"I",0.515,0.405,0.13,0.573,0.213,9,10.5
"I",0.52,0.415,0.14,0.6385,0.2945,8,9.5
"I",0.525,0.405,0.125,0.657,0.2985,10,11.5
"I",0.53,0.425,0.13,0.781,0.3905,9,10.5
"I",0.53,0.42,0.14,0.6765,0.256,9,10.5
"I",0.53,0.395,0.125,0.6235,0.2975,11,12.5
"I",0.535,0.45,0.155,0.8075,0.3655,10,11.5
"I",0.55,0.415,0.15,0.7915,0.3535,10,11.5
"I",0.55,0.45,0.14,0.753,0.3445,8,9.5
"I",0.55,0.4,0.135,0.717,0.3315,9,10.5
"I",0.555,0.43,0.15,0.783,0.345,9,10.5
"I",0.575,0.45,0.145,0.872,0.4675,9,10.5
"I",0.575,0.44,0.15,0.983,0.486,8,9.5
"I",0.585,0.46,0.14,0.7635,0.326,9,10.5
"I",0.595,0.47,0.135,0.9365,0.434,10,11.5
"I",0.62,0.47,0.155,0.966,0.447,11,12.5
"I",0.625,0.485,0.16,1.15,0.5255,11,12.5
"I",0.63,0.49,0.17,1.217,0.5515,11,12.5
"I",0.235,0.13,0.075,0.1585,0.0685,5,6.5
"I",0.35,0.25,0.1,0.4015,0.1725,7,8.5
"I",0.36,0.25,0.115,0.465,0.21,7,8.5
"I",0.38,0.28,0.095,0.2885,0.165,7,8.5
"I",0.465,0.36,0.105,0.452,0.22,9,10.5
"I",0.47,0.355,0.12,0.4915,0.1765,9,10.5
"I",0.5,0.395,0.145,0.7865,0.332,8,9.5
"I",0.51,0.375,0.15,0.8415,0.3845,10,11.5
"I",0.275,0.205,0.065,0.101,0.041,5,6.5
"I",0.285,0.205,0.07,0.106,0.039,5,6.5
"I",0.36,0.265,0.085,0.1865,0.0675,7,8.5
"I",0.385,0.29,0.1,0.2575,0.1,6,7.5
"I",0.4,0.315,0.1,0.3225,0.143,6,7.5
"I",0.43,0.33,0.095,0.32,0.118,7,8.5
"I",0.435,0.375,0.11,0.4155,0.17,8,9.5
"I",0.45,0.335,0.115,0.3935,0.195,7,8.5
"I",0.475,0.355,0.135,0.4775,0.2145,8,9.5
"I",0.475,0.36,0.11,0.452,0.191,8,9.5
"I",0.485,0.37,0.14,0.5065,0.2425,8,9.5
"I",0.51,0.395,0.105,0.5525,0.234,8,9.5
"I",0.515,0.39,0.12,0.565,0.235,9,10.5
"I",0.52,0.41,0.14,0.699,0.3395,10,11.5
"I",0.525,0.4,0.14,0.6055,0.2605,9,10.5
"I",0.53,0.395,0.115,0.475,0.2025,8,9.5
"I",0.53,0.41,0.15,0.612,0.2435,11,12.5
"I",0.535,0.4,0.145,0.705,0.3065,10,11.5
"I",0.535,0.45,0.135,0.728,0.2845,9,10.5
"I",0.565,0.43,0.125,0.6545,0.2815,9,10.5
"I",0.575,0.45,0.145,0.795,0.364,10,11.5
"I",0.58,0.42,0.14,0.701,0.3285,9,10.5
"I",0.59,0.45,0.125,0.86,0.437,9,10.5
"I",0.62,0.48,0.18,1.1305,0.5285,12,13.5
"I",0.205,0.155,0.045,0.0495,0.0235,3,4.5
"I",0.305,0.23,0.075,0.1455,0.0595,6,7.5
"I",0.32,0.23,0.06,0.129,0.0615,7,8.5
"I",0.355,0.27,0.1,0.2255,0.11,7,8.5
"I",0.425,0.31,0.095,0.3505,0.1645,8,9.5
"I",0.525,0.4,0.125,0.5655,0.2435,8,9.5
"I",0.35,0.26,0.095,0.221,0.0985,8,9.5
"I",0.38,0.275,0.095,0.2425,0.106,6,7.5
"I",0.46,0.34,0.1,0.386,0.1805,8,9.5
"I",0.17,0.105,0.035,0.034,0.012,4,5.5
"I",0.335,0.25,0.095,0.185,0.0795,8,9.5
"I",0.37,0.275,0.085,0.2045,0.096,6,7.5
"I",0.335,0.255,0.085,0.1785,0.071,9,10.5
"I",0.32,0.235,0.065,0.1385,0.058,5,6.5
"I",0.33,0.25,0.075,0.1405,0.056,5,6.5
"I",0.38,0.3,0.1,0.286,0.1305,7,8.5
"I",0.29,0.225,0.075,0.152,0.071,9,10.5
"I",0.41,0.33,0.105,0.335,0.1525,7,8.5
"I",0.435,0.355,0.125,0.4075,0.1535,9,10.5
"I",0.14,0.105,0.035,0.0145,0.005,4,5.5
"I",0.16,0.12,0.02,0.018,0.0075,4,5.5
"I",0.48,0.39,0.15,0.6275,0.276,13,14.5
"I",0.455,0.365,0.135,0.441,0.1515,9,10.5
"I",0.355,0.27,0.1,0.216,0.083,10,11.5
"I",0.52,0.405,0.14,0.6765,0.2865,15,16.5
"I",0.54,0.4,0.145,0.757,0.315,11,12.5
"I",0.52,0.39,0.14,0.7325,0.2415,19,20.5
"I",0.56,0.445,0.165,1.0285,0.4535,11,12.5
"I",0.615,0.46,0.19,1.066,0.4335,13,14.5
"I",0.565,0.43,0.135,0.8545,0.321,11,12.5
"I",0.525,0.4,0.14,0.6955,0.2405,10,11.5
"I",0.58,0.42,0.16,0.728,0.2725,14,15.5
"I",0.5,0.38,0.155,0.6675,0.2745,12,13.5
"I",0.725,0.55,0.22,2.0495,0.7735,10,11.5
"I",0.55,0.44,0.165,0.8605,0.312,17,18.5
"I",0.235,0.18,0.06,0.058,0.022,6,7.5
"I",0.235,0.175,0.08,0.0645,0.0215,5,6.5
"I",0.235,0.175,0.065,0.0615,0.0205,6,7.5
"I",0.315,0.235,0.08,0.18,0.08,5,6.5
"I",0.465,0.355,0.12,0.5805,0.255,8,9.5
"I",0.49,0.385,0.12,0.591,0.271,9,10.5
"I",0.27,0.205,0.075,0.118,0.059,4,5.5
"I",0.27,0.19,0.06,0.099,0.0445,5,6.5
"I",0.295,0.22,0.07,0.1365,0.0575,6,7.5
"I",0.295,0.22,0.065,0.1295,0.052,6,7.5
"I",0.315,0.23,0.07,0.164,0.0625,6,7.5
"I",0.375,0.29,0.095,0.2875,0.123,6,7.5
"I",0.38,0.3,0.09,0.277,0.1655,6,7.5
"I",0.385,0.285,0.09,0.248,0.0935,6,7.5
"I",0.4,0.295,0.095,0.252,0.1105,6,7.5
"I",0.415,0.33,0.1,0.3905,0.1925,7,8.5
"I",0.42,0.32,0.115,0.409,0.2055,8,9.5
"I",0.44,0.33,0.135,0.4095,0.163,6,7.5
"I",0.45,0.35,0.135,0.494,0.2205,7,8.5
"I",0.475,0.35,0.12,0.4905,0.2035,7,8.5
"I",0.58,0.435,0.15,0.8915,0.363,6,7.5
"I",0.185,0.135,0.045,0.032,0.011,4,5.5
"I",0.245,0.175,0.055,0.0785,0.04,5,6.5
"I",0.36,0.27,0.09,0.2075,0.098,6,7.5
"I",0.375,0.28,0.08,0.2235,0.115,6,7.5
"I",0.415,0.31,0.095,0.34,0.181,6,7.5
"I",0.455,0.35,0.135,0.5365,0.2855,7,8.5
"I",0.48,0.35,0.105,0.635,0.352,6,7.5
"I",0.485,0.375,0.125,0.562,0.2505,8,9.5
"I",0.51,0.39,0.125,0.597,0.293,8,9.5
"I",0.275,0.2,0.07,0.096,0.037,6,7.5
"I",0.33,0.245,0.065,0.1445,0.058,6,7.5
"I",0.33,0.26,0.085,0.1965,0.0915,7,8.5
"I",0.365,0.28,0.09,0.196,0.0865,7,8.5
"I",0.365,0.27,0.09,0.2155,0.1005,6,7.5
"I",0.42,0.31,0.1,0.2805,0.1125,8,9.5
"I",0.435,0.335,0.11,0.334,0.1355,7,8.5
"I",0.435,0.325,0.1,0.366,0.174,7,8.5
"I",0.44,0.325,0.11,0.4965,0.258,8,9.5
"I",0.485,0.365,0.09,0.651,0.3165,8,9.5
"I",0.495,0.385,0.125,0.5125,0.2075,10,11.5
"I",0.52,0.41,0.14,0.5995,0.242,11,12.5
"I",0.54,0.42,0.14,0.74,0.3595,8,9.5
"I",0.54,0.415,0.155,0.702,0.322,10,11.5
"I",0.55,0.445,0.125,0.672,0.288,11,12.5
"I",0.56,0.44,0.155,0.811,0.3685,11,12.5
"I",0.575,0.45,0.15,0.858,0.449,10,11.5
"I",0.545,0.405,0.13,0.658,0.327,8,9.5
"I",0.37,0.275,0.08,0.2325,0.093,6,7.5
"I",0.395,0.31,0.085,0.317,0.153,7,8.5
"I",0.4,0.3,0.115,0.318,0.1335,6,7.5
"I",0.41,0.305,0.1,0.2645,0.1,7,8.5
"I",0.455,0.335,0.105,0.4055,0.175,8,9.5
"I",0.48,0.335,0.125,0.524,0.246,7,8.5
"I",0.485,0.375,0.11,0.464,0.2015,8,9.5
"I",0.5,0.36,0.12,0.439,0.1875,8,9.5
"I",0.515,0.395,0.125,0.5805,0.2365,9,10.5
"I",0.52,0.4,0.14,0.622,0.278,8,9.5
"I",0.545,0.43,0.14,0.772,0.289,8,9.5
"I",0.55,0.435,0.125,0.741,0.348,9,10.5
"I",0.555,0.43,0.125,0.7005,0.3395,8,9.5
"I",0.565,0.465,0.15,1.1815,0.581,9,10.5
"I",0.595,0.475,0.155,0.984,0.4865,10,11.5
"I",0.42,0.305,0.1,0.3415,0.1645,7,8.5
"I",0.48,0.35,0.1,0.519,0.2365,7,8.5
"I",0.515,0.4,0.14,0.7165,0.3495,8,9.5
"I",0.56,0.42,0.14,0.837,0.414,8,9.5
"I",0.3,0.215,0.05,0.1185,0.048,4,5.5
"I",0.455,0.35,0.13,0.4725,0.215,9,10.5
"I",0.46,0.365,0.11,0.4495,0.1755,8,9.5
"I",0.49,0.375,0.115,0.557,0.2275,8,9.5
"I",0.5,0.385,0.12,0.516,0.197,8,9.5
"I",0.54,0.415,0.135,0.709,0.3195,9,10.5
"I",0.55,0.445,0.11,0.7935,0.378,10,11.5
"I",0.57,0.425,0.14,0.7655,0.331,10,11.5
"I",0.58,0.425,0.145,0.83,0.379,11,12.5
"I",0.585,0.47,0.17,0.985,0.3695,10,11.5
"I",0.28,0.215,0.07,0.124,0.063,6,7.5
"I",0.33,0.23,0.08,0.14,0.0565,7,8.5
"I",0.35,0.25,0.075,0.1695,0.0835,6,7.5
"I",0.37,0.28,0.09,0.218,0.0995,7,8.5
"I",0.43,0.315,0.115,0.384,0.1885,8,9.5
"I",0.435,0.33,0.095,0.393,0.219,6,7.5
"I",0.44,0.35,0.11,0.3805,0.1575,6,7.5
"I",0.48,0.355,0.11,0.4495,0.201,8,9.5
"I",0.39,0.31,0.085,0.344,0.181,7,8.5
"I",0.39,0.29,0.1,0.2845,0.1255,7,8.5
"I",0.405,0.3,0.085,0.3035,0.15,7,8.5
"I",0.475,0.365,0.115,0.499,0.232,10,11.5
