"sex","length","diameter","height","whole_wt","shucked_wt","rings","age","age_group"
"M",0.455,0.365,0.095,0.514,0.2245,15,16.5,"old"
"M",0.35,0.265,0.09,0.2255,0.0995,7,8.5,"adult"
"M",0.44,0.365,0.125,0.516,0.2155,10,11.5,"adult"
"M",0.475,0.37,0.125,0.5095,0.2165,9,10.5,"adult"
"M",0.43,0.35,0.11,0.406,0.1675,10,11.5,"adult"
"M",0.49,0.38,0.135,0.5415,0.2175,11,12.5,"adult"
"M",0.5,0.4,0.13,0.6645,0.258,12,13.5,"adult"
"M",0.365,0.295,0.08,0.2555,0.097,7,8.5,"adult"
"M",0.45,0.32,0.1,0.381,0.1705,9,10.5,"adult"
"M",0.355,0.28,0.095,0.2455,0.0955,11,12.5,"adult"
"M",0.59,0.445,0.14,0.931,0.356,12,13.5,"adult"
"M",0.605,0.475,0.18,0.9365,0.394,15,16.5,"old"
"M",0.575,0.425,0.14,0.8635,0.393,11,12.5,"adult"
"M",0.58,0.47,0.165,0.9975,0.3935,10,11.5,"adult"
"M",0.665,0.525,0.165,1.338,0.5515,18,19.5,"old"
"M",0.465,0.355,0.105,0.4795,0.227,8,9.5,"adult"
"M",0.355,0.29,0.09,0.3275,0.134,9,10.5,"adult"
"M",0.47,0.37,0.12,0.5795,0.293,9,10.5,"adult"
"M",0.4,0.32,0.095,0.303,0.1335,7,8.5,"adult"
"M",0.485,0.36,0.13,0.5415,0.2595,10,11.5,"adult"
"M",0.405,0.31,0.1,0.385,0.173,7,8.5,"adult"
"M",0.445,0.35,0.12,0.4425,0.192,8,9.5,"adult"
"M",0.47,0.385,0.135,0.5895,0.2765,8,9.5,"adult"
"M",0.45,0.345,0.105,0.4115,0.18,7,8.5,"adult"
"M",0.505,0.405,0.11,0.625,0.305,9,10.5,"adult"
"M",0.425,0.325,0.095,0.3785,0.1705,7,8.5,"adult"
"M",0.52,0.4,0.12,0.58,0.234,8,9.5,"adult"
"M",0.475,0.355,0.12,0.48,0.234,8,9.5,"adult"
"M",0.555,0.425,0.13,0.7665,0.264,13,14.5,"old"
"M",0.57,0.48,0.175,1.185,0.474,11,12.5,"adult"
"M",0.595,0.475,0.14,0.944,0.3625,9,10.5,"adult"
"M",0.62,0.51,0.175,1.615,0.5105,12,13.5,"adult"
"M",0.595,0.475,0.16,1.3175,0.408,21,22.5,"old"
"M",0.58,0.45,0.14,1.013,0.38,14,15.5,"old"
"M",0.625,0.465,0.14,1.195,0.4825,13,14.5,"old"
"M",0.56,0.44,0.16,0.8645,0.3305,10,11.5,"adult"
"M",0.565,0.425,0.135,0.8115,0.341,15,16.5,"old"
"M",0.555,0.44,0.15,0.755,0.307,12,13.5,"adult"
"M",0.595,0.465,0.175,1.115,0.4015,13,14.5,"old"
"M",0.695,0.56,0.19,1.494,0.588,15,16.5,"old"
"M",0.665,0.535,0.195,1.606,0.5755,14,15.5,"old"
"M",0.535,0.435,0.15,0.725,0.269,9,10.5,"adult"
"M",0.47,0.375,0.13,0.523,0.214,8,9.5,"adult"
"M",0.47,0.37,0.13,0.5225,0.201,7,8.5,"adult"
"M",0.55,0.435,0.145,0.843,0.328,15,16.5,"old"
"M",0.53,0.435,0.16,0.883,0.316,15,16.5,"old"
"M",0.53,0.415,0.14,0.724,0.3105,10,11.5,"adult"
"M",0.605,0.47,0.16,1.1735,0.4975,12,13.5,"adult"
"M",0.495,0.395,0.125,0.5415,0.2375,9,10.5,"adult"
"M",0.465,0.36,0.105,0.431,0.172,9,10.5,"adult"
"M",0.425,0.35,0.105,0.393,0.13,9,10.5,"adult"
"M",0.44,0.34,0.105,0.402,0.1305,10,11.5,"adult"
"M",0.405,0.305,0.085,0.2605,0.1145,8,9.5,"adult"
"M",0.37,0.265,0.075,0.214,0.09,6,7.5,"adult"
"M",0.7,0.535,0.16,1.7255,0.63,19,20.5,"old"
"M",0.71,0.54,0.165,1.959,0.7665,18,19.5,"old"
"M",0.595,0.48,0.165,1.262,0.4835,17,18.5,"old"
"M",0.345,0.255,0.09,0.2005,0.094,9,10.5,"adult"
"M",0.375,0.285,0.095,0.253,0.096,9,10.5,"adult"
"M",0.65,0.52,0.19,1.3445,0.519,16,17.5,"old"
"M",0.56,0.455,0.155,0.797,0.34,11,12.5,"adult"
"M",0.475,0.375,0.13,0.5175,0.2075,10,11.5,"adult"
"M",0.46,0.35,0.12,0.515,0.224,10,11.5,"adult"
"M",0.59,0.475,0.145,1.053,0.4415,15,16.5,"old"
"M",0.515,0.405,0.13,0.722,0.32,10,11.5,"adult"
"M",0.645,0.485,0.215,1.514,0.546,16,17.5,"old"
"M",0.605,0.465,0.165,1.056,0.4215,13,14.5,"old"
"M",0.61,0.485,0.175,1.2445,0.544,12,13.5,"adult"
"M",0.725,0.57,0.19,2.55,1.0705,14,15.5,"old"
"M",0.705,0.56,0.22,1.981,0.8175,14,15.5,"old"
"M",0.695,0.55,0.215,1.9565,0.7125,14,15.5,"old"
"M",0.525,0.435,0.155,1.065,0.486,8,9.5,"adult"
"M",0.58,0.475,0.15,0.97,0.385,11,12.5,"adult"
"M",0.57,0.48,0.18,0.9395,0.399,14,15.5,"old"
"M",0.64,0.51,0.175,1.368,0.515,21,22.5,"old"
"M",0.62,0.49,0.19,1.218,0.5455,13,14.5,"old"
"M",0.615,0.48,0.18,1.1595,0.4845,13,14.5,"old"
"M",0.61,0.485,0.17,1.0225,0.419,12,13.5,"adult"
"M",0.58,0.45,0.15,0.927,0.276,14,15.5,"old"
"M",0.5,0.405,0.155,0.772,0.346,12,13.5,"adult"
"M",0.64,0.5,0.185,1.3035,0.4445,16,17.5,"old"
"M",0.56,0.45,0.16,0.922,0.432,15,16.5,"old"
"M",0.585,0.46,0.185,0.922,0.3635,10,11.5,"adult"
"M",0.5,0.4,0.165,0.825,0.254,13,14.5,"old"
"M",0.42,0.335,0.115,0.369,0.171,8,9.5,"adult"
"M",0.335,0.25,0.09,0.181,0.0755,7,8.5,"adult"
"M",0.5,0.405,0.14,0.6155,0.241,9,10.5,"adult"
"M",0.55,0.405,0.14,0.8025,0.244,10,11.5,"adult"
"M",0.45,0.35,0.13,0.46,0.174,8,9.5,"adult"
"M",0.47,0.36,0.135,0.501,0.1665,10,11.5,"adult"
"M",0.555,0.445,0.135,0.836,0.336,13,14.5,"old"
"M",0.565,0.44,0.175,0.9025,0.31,14,15.5,"old"
"M",0.625,0.505,0.215,1.4455,0.496,22,23.5,"old"
"M",0.565,0.425,0.16,0.9425,0.3495,17,18.5,"old"
"M",0.59,0.47,0.18,1.1235,0.4205,13,14.5,"old"
"M",0.6,0.495,0.165,1.2415,0.485,15,16.5,"old"
"M",0.56,0.45,0.175,1.011,0.3835,15,16.5,"old"
"M",0.56,0.45,0.185,1.07,0.3805,19,20.5,"old"
"M",0.545,0.46,0.16,0.8975,0.341,10,11.5,"adult"
"M",0.53,0.42,0.165,0.8945,0.319,11,12.5,"adult"
"M",0.27,0.2,0.08,0.1205,0.0465,6,7.5,"adult"
"M",0.52,0.45,0.15,0.895,0.3615,14,15.5,"old"
"M",0.35,0.275,0.11,0.2925,0.1225,8,9.5,"adult"
"M",0.47,0.39,0.15,0.6355,0.2185,9,10.5,"adult"
"M",0.59,0.5,0.2,1.187,0.412,16,17.5,"old"
"M",0.62,0.485,0.205,1.219,0.3875,14,15.5,"old"
"M",0.63,0.505,0.225,1.525,0.56,15,16.5,"old"
"M",0.63,0.515,0.155,1.259,0.4105,13,14.5,"old"
"M",0.655,0.54,0.215,1.844,0.7425,22,23.5,"old"
"M",0.61,0.5,0.24,1.642,0.532,18,19.5,"old"
"M",0.635,0.525,0.205,1.484,0.55,20,21.5,"old"
"M",0.485,0.395,0.14,0.6295,0.2285,14,15.5,"old"
"M",0.515,0.38,0.175,0.9565,0.325,14,15.5,"old"
"M",0.53,0.435,0.155,0.699,0.288,10,11.5,"adult"
"M",0.44,0.355,0.125,0.4775,0.132,9,10.5,"adult"
"M",0.54,0.435,0.18,0.996,0.3835,17,18.5,"old"
"M",0.61,0.475,0.165,1.116,0.428,15,16.5,"old"
"M",0.6,0.495,0.195,1.0575,0.384,26,27.5,"old"
"M",0.49,0.395,0.14,0.549,0.2215,11,12.5,"adult"
"M",0.37,0.28,0.105,0.234,0.0905,9,10.5,"adult"
"M",0.37,0.28,0.1,0.252,0.1065,8,9.5,"adult"
"M",0.36,0.27,0.1,0.217,0.0885,6,7.5,"adult"
"M",0.645,0.515,0.24,1.5415,0.471,13,14.5,"old"
"M",0.55,0.41,0.125,0.7605,0.2505,14,15.5,"old"
"M",0.57,0.435,0.145,0.9055,0.3925,10,11.5,"adult"
"M",0.56,0.44,0.14,0.971,0.443,14,15.5,"old"
"M",0.595,0.455,0.195,1.3305,0.4595,19,20.5,"old"
"M",0.63,0.485,0.175,1.3,0.4335,23,24.5,"old"
"M",0.45,0.35,0.1,0.3675,0.1465,10,11.5,"adult"
"M",0.385,0.31,0.1,0.2845,0.1065,11,12.5,"adult"
"M",0.335,0.265,0.105,0.222,0.0935,7,8.5,"adult"
"M",0.51,0.4,0.13,0.6435,0.27,12,13.5,"adult"
"M",0.36,0.295,0.105,0.241,0.0865,8,9.5,"adult"
"M",0.5,0.38,0.155,0.5955,0.2135,12,13.5,"adult"
"M",0.62,0.465,0.19,1.3415,0.5705,11,12.5,"adult"
"M",0.6,0.475,0.19,1.0875,0.403,14,15.5,"old"
"M",0.59,0.45,0.185,1.283,0.473,16,17.5,"old"
"M",0.62,0.475,0.185,1.325,0.6045,13,14.5,"old"
"M",0.575,0.455,0.145,1.165,0.581,14,15.5,"old"
"M",0.62,0.465,0.185,1.274,0.579,12,13.5,"adult"
"M",0.49,0.39,0.14,0.707,0.2795,13,14.5,"old"
"M",0.61,0.48,0.15,1.2,0.56,14,15.5,"old"
"M",0.57,0.46,0.14,0.9535,0.4465,12,13.5,"adult"
"M",0.58,0.455,0.17,0.93,0.408,9,10.5,"adult"
"M",0.635,0.515,0.17,1.275,0.509,16,17.5,"old"
"M",0.7,0.58,0.205,2.13,0.7415,20,21.5,"old"
"M",0.675,0.525,0.185,1.587,0.6935,13,14.5,"old"
"M",0.745,0.585,0.215,2.499,0.9265,17,18.5,"old"
"M",0.605,0.49,0.18,1.227,0.48,18,19.5,"old"
"M",0.63,0.515,0.16,1.016,0.4215,19,20.5,"old"
"M",0.58,0.465,0.145,0.887,0.4405,11,12.5,"adult"
"M",0.63,0.49,0.18,1.13,0.458,12,13.5,"adult"
"M",0.685,0.52,0.15,1.343,0.4635,13,14.5,"old"
"M",0.63,0.49,0.19,1.1775,0.4935,11,12.5,"adult"
"M",0.565,0.465,0.175,0.995,0.3895,15,16.5,"old"
"M",0.605,0.47,0.18,1.1405,0.3755,15,16.5,"old"
"M",0.535,0.42,0.145,0.791,0.33,10,11.5,"adult"
"M",0.485,0.4,0.135,0.663,0.313,10,11.5,"adult"
"M",0.47,0.375,0.12,0.5565,0.226,12,13.5,"adult"
"M",0.545,0.425,0.135,0.8445,0.373,10,11.5,"adult"
"M",0.54,0.42,0.155,0.7385,0.3515,12,13.5,"adult"
"M",0.46,0.38,0.135,0.482,0.207,10,11.5,"adult"
"M",0.49,0.42,0.125,0.609,0.239,14,15.5,"old"
"M",0.475,0.375,0.125,0.593,0.277,10,11.5,"adult"
"M",0.47,0.38,0.145,0.5865,0.2385,8,9.5,"adult"
"M",0.535,0.44,0.15,0.6765,0.256,12,13.5,"adult"
"M",0.585,0.455,0.15,0.987,0.4355,11,12.5,"adult"
"M",0.515,0.455,0.135,0.7225,0.295,9,10.5,"adult"
"M",0.45,0.355,0.115,0.479,0.2125,8,9.5,"adult"
"M",0.59,0.485,0.12,0.911,0.39,16,17.5,"old"
"M",0.555,0.45,0.145,0.915,0.4,11,12.5,"adult"
"M",0.57,0.44,0.095,0.827,0.3395,8,9.5,"adult"
"M",0.59,0.5,0.165,1.1045,0.4565,15,16.5,"old"
"M",0.585,0.475,0.12,0.945,0.41,14,15.5,"old"
"M",0.545,0.44,0.12,0.8565,0.3475,12,13.5,"adult"
"M",0.63,0.515,0.165,1.352,0.488,20,21.5,"old"
"M",0.545,0.41,0.14,0.625,0.223,13,14.5,"old"
"M",0.58,0.45,0.175,1.068,0.425,13,14.5,"old"
"M",0.6,0.5,0.16,1.015,0.3995,19,20.5,"old"
"M",0.6,0.47,0.155,1.036,0.4375,20,21.5,"old"
"M",0.565,0.455,0.17,0.9065,0.342,18,19.5,"old"
"M",0.545,0.42,0.14,0.7505,0.2475,22,23.5,"old"
"M",0.5,0.41,0.15,0.662,0.2815,11,12.5,"adult"
"M",0.39,0.3,0.09,0.3055,0.143,9,10.5,"adult"
"M",0.5,0.415,0.165,0.6885,0.249,13,14.5,"old"
"M",0.565,0.435,0.185,0.9815,0.329,13,14.5,"old"
"M",0.565,0.455,0.185,0.9265,0.354,16,17.5,"old"
"M",0.605,0.5,0.175,1.098,0.4765,12,13.5,"adult"
"M",0.725,0.565,0.215,1.891,0.6975,16,17.5,"old"
"M",0.575,0.47,0.14,0.8375,0.3485,11,12.5,"adult"
"M",0.38,0.285,0.1,0.2665,0.115,11,12.5,"adult"
"M",0.655,0.53,0.195,1.388,0.567,13,14.5,"old"
"M",0.675,0.555,0.2,1.4385,0.545,21,22.5,"old"
"M",0.53,0.415,0.175,0.7395,0.261,17,18.5,"old"
"M",0.665,0.54,0.175,1.347,0.4955,17,18.5,"old"
"M",0.735,0.59,0.225,1.756,0.637,21,22.5,"old"
"M",0.66,0.545,0.185,1.32,0.5305,16,17.5,"old"
"M",0.575,0.4,0.155,0.9325,0.3605,17,18.5,"old"
"M",0.57,0.465,0.125,0.849,0.3785,15,16.5,"old"
"M",0.63,0.48,0.145,1.0115,0.4235,12,13.5,"adult"
"M",0.55,0.45,0.13,0.92,0.378,11,12.5,"adult"
"M",0.54,0.42,0.135,0.8075,0.3485,11,12.5,"adult"
"M",0.59,0.455,0.145,1.073,0.475,14,15.5,"old"
"M",0.58,0.46,0.13,0.921,0.357,13,14.5,"old"
"M",0.655,0.53,0.175,1.2635,0.486,15,16.5,"old"
"M",0.625,0.5,0.195,1.369,0.5875,17,18.5,"old"
"M",0.555,0.45,0.175,0.874,0.3275,10,11.5,"adult"
"M",0.6,0.47,0.175,1.105,0.4865,15,16.5,"old"
"M",0.56,0.46,0.235,0.8395,0.3325,12,13.5,"adult"
"M",0.585,0.455,0.225,1.055,0.3815,15,16.5,"old"
"M",0.56,0.435,0.18,0.889,0.36,11,12.5,"adult"
"M",0.31,0.22,0.085,0.146,0.061,6,7.5,"adult"
"M",0.27,0.195,0.08,0.1,0.0385,6,7.5,"adult"
"M",0.4,0.29,0.115,0.2795,0.1115,9,10.5,"adult"
"M",0.28,0.2,0.08,0.0915,0.033,5,6.5,"young"
"M",0.325,0.23,0.09,0.147,0.06,4,5.5,"young"
"M",0.21,0.15,0.05,0.0385,0.0155,3,4.5,"young"
"M",0.2,0.14,0.055,0.035,0.0145,5,6.5,"young"
"M",0.235,0.16,0.06,0.0545,0.0265,4,5.5,"young"
"M",0.175,0.125,0.04,0.024,0.0095,4,5.5,"young"
"M",0.155,0.11,0.04,0.0155,0.0065,3,4.5,"young"
"M",0.385,0.3,0.095,0.24,0.0885,9,10.5,"adult"
"M",0.29,0.23,0.075,0.1165,0.043,7,8.5,"adult"
"M",0.275,0.205,0.07,0.094,0.0335,5,6.5,"young"
"M",0.42,0.325,0.115,0.2885,0.1,15,16.5,"old"
"M",0.445,0.35,0.115,0.3615,0.1565,8,9.5,"adult"
"M",0.32,0.245,0.075,0.1555,0.0585,11,12.5,"adult"
"M",0.255,0.195,0.065,0.08,0.0315,8,9.5,"adult"
"M",0.205,0.155,0.045,0.0425,0.017,7,8.5,"adult"
"M",0.35,0.255,0.065,0.179,0.0705,10,11.5,"adult"
"M",0.28,0.21,0.08,0.1085,0.041,7,8.5,"adult"
"M",0.45,0.335,0.14,0.4625,0.164,14,15.5,"old"
"M",0.535,0.42,0.15,0.6995,0.2575,12,13.5,"adult"
"M",0.345,0.27,0.09,0.195,0.078,9,10.5,"adult"
"M",0.37,0.285,0.1,0.228,0.0675,10,11.5,"adult"
"M",0.35,0.265,0.09,0.1775,0.0575,12,13.5,"adult"
"M",0.195,0.145,0.05,0.032,0.01,4,5.5,"young"
"M",0.325,0.24,0.075,0.155,0.0475,9,10.5,"adult"
"M",0.415,0.345,0.135,0.3865,0.128,13,14.5,"old"
"M",0.32,0.24,0.085,0.17,0.0655,7,8.5,"adult"
"M",0.31,0.225,0.075,0.1295,0.0455,9,10.5,"adult"
"M",0.235,0.17,0.055,0.0515,0.018,7,8.5,"adult"
"M",0.345,0.255,0.08,0.169,0.06,10,11.5,"adult"
"M",0.34,0.265,0.085,0.1835,0.077,10,11.5,"adult"
"M",0.46,0.365,0.125,0.467,0.1895,10,11.5,"adult"
"M",0.36,0.295,0.1,0.2105,0.066,9,10.5,"adult"
"M",0.355,0.265,0.09,0.168,0.05,8,9.5,"adult"
"M",0.38,0.235,0.1,0.258,0.1055,7,8.5,"adult"
"M",0.355,0.26,0.085,0.1905,0.081,6,7.5,"adult"
"M",0.325,0.24,0.085,0.173,0.0795,7,8.5,"adult"
"M",0.33,0.255,0.095,0.1875,0.0735,7,8.5,"adult"
"M",0.45,0.34,0.13,0.3715,0.1605,9,10.5,"adult"
"M",0.33,0.215,0.075,0.1145,0.045,6,7.5,"adult"
"M",0.48,0.375,0.145,0.777,0.216,9,10.5,"adult"
"M",0.255,0.18,0.065,0.079,0.034,5,6.5,"young"
"M",0.31,0.225,0.08,0.1345,0.054,7,8.5,"adult"
"M",0.295,0.215,0.075,0.129,0.05,7,8.5,"adult"
"M",0.455,0.35,0.12,0.4835,0.1815,11,12.5,"adult"
"M",0.55,0.425,0.155,0.9175,0.2775,13,14.5,"old"
"M",0.475,0.385,0.145,0.6175,0.235,14,15.5,"old"
"M",0.49,0.39,0.15,0.573,0.225,21,22.5,"old"
"M",0.54,0.415,0.145,0.74,0.2635,12,13.5,"adult"
"M",0.485,0.37,0.14,0.5725,0.204,10,11.5,"adult"
"M",0.535,0.405,0.185,0.8345,0.3175,16,17.5,"old"
"M",0.51,0.4,0.14,0.6515,0.2455,10,11.5,"adult"
"M",0.565,0.44,0.185,0.909,0.344,15,16.5,"old"
"M",0.525,0.4,0.17,0.7305,0.279,11,12.5,"adult"
"M",0.59,0.44,0.15,0.9555,0.366,11,12.5,"adult"
"M",0.5,0.375,0.15,0.636,0.2535,10,11.5,"adult"
"M",0.38,0.29,0.12,0.283,0.1175,9,10.5,"adult"
"M",0.28,0.205,0.1,0.1165,0.0545,5,6.5,"young"
"M",0.385,0.285,0.105,0.2905,0.1215,12,13.5,"adult"
"M",0.395,0.295,0.115,0.316,0.1205,12,13.5,"adult"
"M",0.4,0.3,0.125,0.417,0.191,9,10.5,"adult"
"M",0.415,0.325,0.14,0.417,0.1535,10,11.5,"adult"
"M",0.315,0.25,0.09,0.203,0.0615,11,12.5,"adult"
"M",0.36,0.295,0.13,0.2765,0.0895,10,11.5,"adult"
"M",0.375,0.3,0.1,0.2465,0.104,11,12.5,"adult"
"M",0.355,0.265,0.085,0.201,0.069,8,9.5,"adult"
"M",0.35,0.255,0.08,0.1915,0.08,9,10.5,"adult"
"M",0.555,0.455,0.16,1.0575,0.3925,13,14.5,"old"
"M",0.555,0.44,0.15,1.092,0.416,15,16.5,"old"
"M",0.525,0.41,0.13,0.99,0.3865,15,16.5,"old"
"M",0.465,0.36,0.08,0.488,0.191,11,12.5,"adult"
"M",0.4,0.305,0.085,0.297,0.108,10,11.5,"adult"
"M",0.505,0.4,0.125,0.77,0.2735,13,14.5,"old"
"M",0.525,0.4,0.13,0.8295,0.2405,11,12.5,"adult"
"M",0.545,0.42,0.13,0.879,0.374,13,14.5,"old"
"M",0.52,0.4,0.12,0.823,0.298,15,16.5,"old"
"M",0.505,0.38,0.13,0.656,0.227,13,14.5,"old"
"M",0.525,0.425,0.12,0.8665,0.2825,18,19.5,"old"
"M",0.51,0.39,0.125,0.6565,0.262,10,11.5,"adult"
"M",0.52,0.385,0.115,0.669,0.2385,12,13.5,"adult"
"M",0.535,0.41,0.135,0.862,0.2855,14,15.5,"old"
"M",0.445,0.345,0.09,0.3795,0.143,10,11.5,"adult"
"M",0.53,0.44,0.205,0.835,0.32,14,15.5,"old"
"M",0.53,0.415,0.13,0.8425,0.275,20,21.5,"old"
"M",0.52,0.385,0.14,0.6595,0.2485,9,10.5,"adult"
"M",0.535,0.42,0.13,0.8055,0.301,14,15.5,"old"
"M",0.695,0.515,0.175,1.5165,0.578,15,16.5,"old"
"M",0.485,0.355,0.12,0.547,0.215,10,11.5,"adult"
"M",0.65,0.515,0.175,1.4805,0.5295,20,21.5,"old"
"M",0.62,0.505,0.185,1.5275,0.69,13,14.5,"old"
"M",0.615,0.525,0.155,1.1375,0.367,20,21.5,"old"
"M",0.57,0.44,0.155,1.116,0.4775,13,14.5,"old"
"M",0.57,0.43,0.12,1.0615,0.348,15,16.5,"old"
"M",0.585,0.405,0.15,1.2565,0.435,15,16.5,"old"
"M",0.64,0.51,0.19,1.613,0.6215,14,15.5,"old"
"M",0.545,0.45,0.15,0.978,0.3365,11,12.5,"adult"
"M",0.345,0.27,0.095,0.197,0.0665,9,10.5,"adult"
"M",0.385,0.275,0.115,0.2685,0.0975,8,9.5,"adult"
"M",0.455,0.34,0.135,0.462,0.1675,9,10.5,"adult"
"M",0.49,0.38,0.14,0.7605,0.245,10,11.5,"adult"
"M",0.53,0.41,0.165,0.732,0.189,11,12.5,"adult"
"M",0.505,0.385,0.145,0.6775,0.236,15,16.5,"old"
"M",0.49,0.38,0.14,0.6385,0.2305,13,14.5,"old"
"M",0.465,0.35,0.14,0.5755,0.2015,15,16.5,"old"
"M",0.56,0.41,0.165,0.93,0.3505,13,14.5,"old"
"M",0.505,0.385,0.15,0.6415,0.246,12,13.5,"adult"
"M",0.515,0.435,0.145,0.8815,0.292,10,11.5,"adult"
"M",0.55,0.415,0.175,1.042,0.3295,15,16.5,"old"
"M",0.495,0.385,0.135,0.709,0.211,12,13.5,"adult"
"M",0.47,0.37,0.18,0.51,0.1915,9,10.5,"adult"
"M",0.575,0.45,0.165,0.9215,0.3275,12,13.5,"adult"
"M",0.58,0.465,0.16,1.0345,0.315,12,13.5,"adult"
"M",0.515,0.405,0.145,0.695,0.215,15,16.5,"old"
"M",0.53,0.41,0.155,0.7155,0.2805,11,12.5,"adult"
"M",0.44,0.335,0.11,0.394,0.157,9,10.5,"adult"
"M",0.52,0.42,0.16,0.745,0.255,11,12.5,"adult"
"M",0.46,0.34,0.135,0.495,0.1655,10,11.5,"adult"
"M",0.45,0.335,0.125,0.349,0.119,10,11.5,"adult"
"M",0.425,0.33,0.13,0.4405,0.152,9,10.5,"adult"
"M",0.515,0.38,0.135,0.6615,0.2875,10,11.5,"adult"
"M",0.405,0.305,0.12,0.3185,0.1235,7,8.5,"adult"
"M",0.505,0.405,0.14,0.875,0.2665,12,13.5,"adult"
"M",0.415,0.305,0.1,0.325,0.156,6,7.5,"adult"
"M",0.47,0.375,0.12,0.5805,0.266,8,9.5,"adult"
"M",0.49,0.385,0.125,0.609,0.3065,8,9.5,"adult"
"M",0.5,0.4,0.125,0.5975,0.27,9,10.5,"adult"
"M",0.505,0.44,0.14,0.8275,0.3415,8,9.5,"adult"
"M",0.525,0.395,0.13,0.7635,0.3375,8,9.5,"adult"
"M",0.54,0.405,0.125,0.891,0.4815,9,10.5,"adult"
"M",0.55,0.45,0.15,1.0145,0.407,10,11.5,"adult"
"M",0.555,0.435,0.145,0.9685,0.4985,9,10.5,"adult"
"M",0.565,0.45,0.155,1.0595,0.4735,10,11.5,"adult"
"M",0.57,0.455,0.15,0.952,0.3895,9,10.5,"adult"
"M",0.57,0.435,0.13,0.7535,0.349,10,11.5,"adult"
"M",0.59,0.475,0.165,1.077,0.4545,9,10.5,"adult"
"M",0.59,0.46,0.13,1.102,0.455,12,13.5,"adult"
"M",0.6,0.475,0.175,1.3445,0.549,11,12.5,"adult"
"M",0.6,0.495,0.175,1.29,0.606,11,12.5,"adult"
"M",0.605,0.455,0.16,1.1035,0.421,9,10.5,"adult"
"M",0.615,0.51,0.15,1.296,0.545,9,10.5,"adult"
"M",0.615,0.505,0.165,1.34,0.5315,12,13.5,"adult"
"M",0.62,0.5,0.165,1.307,0.6355,9,10.5,"adult"
"M",0.63,0.505,0.165,1.26,0.4525,14,15.5,"old"
"M",0.635,0.51,0.17,1.3555,0.619,9,10.5,"adult"
"M",0.65,0.525,0.175,1.4715,0.675,11,12.5,"adult"
"M",0.655,0.52,0.165,1.4095,0.586,9,10.5,"adult"
"M",0.655,0.58,0.205,2.0805,0.959,17,18.5,"old"
"M",0.66,0.53,0.17,1.3905,0.5905,15,16.5,"old"
"M",0.66,0.52,0.19,1.558,0.755,10,11.5,"adult"
"M",0.73,0.595,0.23,2.8255,1.1465,17,18.5,"old"
"M",0.47,0.365,0.12,0.612,0.327,8,9.5,"adult"
"M",0.475,0.37,0.125,0.537,0.222,9,10.5,"adult"
"M",0.48,0.375,0.115,0.6765,0.3205,6,7.5,"adult"
"M",0.48,0.385,0.145,0.64,0.2925,6,7.5,"adult"
"M",0.48,0.36,0.1,0.439,0.194,8,9.5,"adult"
"M",0.48,0.365,0.12,0.6015,0.312,7,8.5,"adult"
"M",0.49,0.385,0.125,0.649,0.32,8,9.5,"adult"
"M",0.495,0.395,0.135,0.6335,0.3035,8,9.5,"adult"
"M",0.495,0.4,0.135,0.61,0.272,7,8.5,"adult"
"M",0.5,0.39,0.135,0.6595,0.3145,6,7.5,"adult"
"M",0.5,0.385,0.135,0.6425,0.3195,7,8.5,"adult"
"M",0.5,0.4,0.125,0.6725,0.336,7,8.5,"adult"
"M",0.505,0.41,0.125,0.642,0.289,9,10.5,"adult"
"M",0.51,0.39,0.135,0.769,0.3935,8,9.5,"adult"
"M",0.51,0.405,0.15,0.7035,0.347,8,9.5,"adult"
"M",0.51,0.41,0.145,0.796,0.3865,8,9.5,"adult"
"M",0.515,0.39,0.155,0.7125,0.3695,7,8.5,"adult"
"M",0.525,0.4,0.14,0.7325,0.334,11,12.5,"adult"
"M",0.53,0.405,0.125,0.6515,0.2715,7,8.5,"adult"
"M",0.535,0.43,0.14,0.7165,0.2855,8,9.5,"adult"
"M",0.535,0.435,0.14,0.874,0.3735,8,9.5,"adult"
"M",0.57,0.45,0.155,1.195,0.5625,10,11.5,"adult"
"M",0.57,0.45,0.155,1.1935,0.513,10,11.5,"adult"
"M",0.57,0.445,0.14,1.0635,0.5265,8,9.5,"adult"
"M",0.57,0.46,0.17,0.9035,0.4075,7,8.5,"adult"
"M",0.575,0.475,0.16,1.114,0.4955,9,10.5,"adult"
"M",0.58,0.455,0.15,1.012,0.4985,10,11.5,"adult"
"M",0.58,0.49,0.13,1.1335,0.586,9,10.5,"adult"
"M",0.59,0.465,0.155,1.136,0.5245,11,12.5,"adult"
"M",0.59,0.47,0.16,1.206,0.479,8,9.5,"adult"
"M",0.595,0.475,0.165,1.213,0.621,9,10.5,"adult"
"M",0.595,0.455,0.15,1.044,0.518,9,10.5,"adult"
"M",0.605,0.475,0.155,1.161,0.572,9,10.5,"adult"
"M",0.605,0.47,0.165,1.2315,0.6025,11,12.5,"adult"
"M",0.61,0.47,0.15,1.1625,0.565,11,12.5,"adult"
"M",0.61,0.475,0.155,1.168,0.554,10,11.5,"adult"
"M",0.625,0.49,0.175,1.3325,0.5705,10,11.5,"adult"
"M",0.63,0.485,0.155,1.278,0.637,8,9.5,"adult"
"M",0.63,0.48,0.15,1.1785,0.5185,8,9.5,"adult"
"M",0.635,0.49,0.175,1.375,0.623,11,12.5,"adult"
"M",0.635,0.525,0.185,1.4065,0.684,10,11.5,"adult"
"M",0.64,0.505,0.155,1.4025,0.705,10,11.5,"adult"
"M",0.645,0.52,0.175,1.636,0.779,11,12.5,"adult"
"M",0.645,0.52,0.175,1.561,0.709,8,9.5,"adult"
"M",0.645,0.5,0.175,1.3385,0.633,11,12.5,"adult"
"M",0.65,0.495,0.16,1.304,0.57,9,10.5,"adult"
"M",0.65,0.52,0.21,1.6785,0.6665,11,12.5,"adult"
"M",0.65,0.525,0.185,1.622,0.6645,10,11.5,"adult"
"M",0.66,0.535,0.19,1.5905,0.6425,9,10.5,"adult"
"M",0.66,0.495,0.195,1.6275,0.594,10,11.5,"adult"
"M",0.67,0.525,0.165,1.6085,0.682,11,12.5,"adult"
"M",0.68,0.535,0.185,1.607,0.7245,12,13.5,"adult"
"M",0.69,0.525,0.175,1.7005,0.8255,8,9.5,"adult"
"M",0.69,0.505,0.2,1.872,0.893,10,11.5,"adult"
"M",0.71,0.565,0.205,2.198,1.012,11,12.5,"adult"
"M",0.715,0.565,0.175,1.9525,0.7645,10,11.5,"adult"
"M",0.765,0.6,0.22,2.302,1.007,12,13.5,"adult"
"M",0.43,0.335,0.12,0.397,0.1985,7,8.5,"adult"
"M",0.47,0.36,0.105,0.544,0.27,7,8.5,"adult"
"M",0.49,0.465,0.125,0.5225,0.235,7,8.5,"adult"
"M",0.5,0.39,0.125,0.5215,0.2485,6,7.5,"adult"
"M",0.52,0.4,0.145,0.7765,0.3525,9,10.5,"adult"
"M",0.525,0.405,0.12,0.7555,0.3755,9,10.5,"adult"
"M",0.545,0.39,0.135,0.7835,0.4225,7,8.5,"adult"
"M",0.545,0.41,0.12,0.793,0.434,9,10.5,"adult"
"M",0.545,0.415,0.14,0.82,0.4615,9,10.5,"adult"
"M",0.55,0.425,0.15,0.8315,0.411,10,11.5,"adult"
"M",0.56,0.43,0.145,0.8995,0.464,9,10.5,"adult"
"M",0.56,0.445,0.16,0.8965,0.42,8,9.5,"adult"
"M",0.56,0.415,0.145,0.852,0.43,8,9.5,"adult"
"M",0.565,0.455,0.15,0.9595,0.4565,9,10.5,"adult"
"M",0.565,0.435,0.15,0.99,0.5795,8,9.5,"adult"
"M",0.57,0.46,0.15,1.0375,0.5415,9,10.5,"adult"
"M",0.575,0.435,0.14,0.8455,0.401,9,10.5,"adult"
"M",0.575,0.455,0.135,0.907,0.4245,9,10.5,"adult"
"M",0.575,0.445,0.17,1.0225,0.549,9,10.5,"adult"
"M",0.575,0.445,0.145,0.847,0.415,9,10.5,"adult"
"M",0.58,0.455,0.15,1.114,0.4765,8,9.5,"adult"
"M",0.58,0.455,0.195,1.859,0.945,9,10.5,"adult"
"M",0.58,0.445,0.135,0.814,0.3775,9,10.5,"adult"
"M",0.58,0.45,0.14,0.9615,0.486,9,10.5,"adult"
"M",0.58,0.45,0.145,1.0025,0.547,8,9.5,"adult"
"M",0.585,0.46,0.145,0.9335,0.478,9,10.5,"adult"
"M",0.585,0.465,0.16,0.9555,0.4595,7,8.5,"adult"
"M",0.59,0.47,0.15,0.9955,0.481,8,9.5,"adult"
"M",0.6,0.455,0.17,1.1915,0.696,8,9.5,"adult"
"M",0.6,0.465,0.155,1.0165,0.512,10,11.5,"adult"
"M",0.605,0.475,0.14,1.1175,0.555,9,10.5,"adult"
"M",0.605,0.48,0.17,1.1835,0.582,10,11.5,"adult"
"M",0.61,0.485,0.16,1.0145,0.5315,8,9.5,"adult"
"M",0.61,0.485,0.145,1.3305,0.783,9,10.5,"adult"
"M",0.61,0.47,0.165,1.052,0.498,9,10.5,"adult"
"M",0.615,0.46,0.17,1.0565,0.4815,10,11.5,"adult"
"M",0.62,0.47,0.135,1.0195,0.5315,8,9.5,"adult"
"M",0.62,0.45,0.2,0.858,0.4285,8,9.5,"adult"
"M",0.625,0.48,0.185,1.2065,0.587,8,9.5,"adult"
"M",0.63,0.47,0.155,1.1325,0.589,8,9.5,"adult"
"M",0.63,0.5,0.175,1.2645,0.5635,10,11.5,"adult"
"M",0.64,0.515,0.165,1.369,0.632,10,11.5,"adult"
"M",0.645,0.53,0.195,1.39,0.6465,10,11.5,"adult"
"M",0.65,0.5,0.155,1.202,0.565,11,12.5,"adult"
"M",0.655,0.515,0.16,1.31,0.553,11,12.5,"adult"
"M",0.665,0.525,0.16,1.363,0.629,8,9.5,"adult"
"M",0.685,0.52,0.165,1.519,0.699,10,11.5,"adult"
"M",0.69,0.53,0.21,1.583,0.7355,12,13.5,"adult"
"M",0.695,0.56,0.185,1.74,0.885,10,11.5,"adult"
"M",0.7,0.565,0.18,1.751,0.895,9,10.5,"adult"
"M",0.7,0.575,0.19,2.273,1.095,12,13.5,"adult"
"M",0.715,0.55,0.19,2.0045,1.0465,12,13.5,"adult"
"M",0.715,0.535,0.19,1.6755,0.889,10,11.5,"adult"
"M",0.72,0.565,0.145,1.187,0.691,8,9.5,"adult"
"M",0.725,0.505,0.185,1.978,1.026,12,13.5,"adult"
"M",0.735,0.585,0.185,2.124,0.952,11,12.5,"adult"
"M",0.745,0.565,0.215,1.931,0.896,11,12.5,"adult"
"M",0.755,0.58,0.205,2.0065,0.8295,10,11.5,"adult"
"M",0.495,0.395,0.12,0.553,0.224,8,9.5,"adult"
"M",0.5,0.42,0.135,0.6765,0.302,9,10.5,"adult"
"M",0.525,0.42,0.155,0.842,0.428,9,10.5,"adult"
"M",0.535,0.435,0.15,0.717,0.3475,9,10.5,"adult"
"M",0.55,0.43,0.15,0.8745,0.413,9,10.5,"adult"
"M",0.555,0.44,0.14,0.8705,0.407,9,10.5,"adult"
"M",0.565,0.445,0.15,0.796,0.3635,8,9.5,"adult"
"M",0.565,0.39,0.125,0.744,0.352,11,12.5,"adult"
"M",0.57,0.435,0.17,0.873,0.382,10,11.5,"adult"
"M",0.57,0.435,0.125,0.8965,0.383,9,10.5,"adult"
"M",0.575,0.46,0.155,0.892,0.4415,10,11.5,"adult"
"M",0.58,0.46,0.155,1.4395,0.6715,10,11.5,"adult"
"M",0.58,0.455,0.135,0.7955,0.405,10,11.5,"adult"
"M",0.585,0.465,0.155,0.9145,0.4555,9,10.5,"adult"
"M",0.585,0.49,0.185,1.171,0.522,10,11.5,"adult"
"M",0.585,0.46,0.165,1.1135,0.5825,10,11.5,"adult"
"M",0.585,0.47,0.165,1.409,0.8,10,11.5,"adult"
"M",0.585,0.475,0.15,1.065,0.5315,10,11.5,"adult"
"M",0.585,0.45,0.18,0.7995,0.336,8,9.5,"adult"
"M",0.59,0.47,0.18,1.187,0.5985,9,10.5,"adult"
"M",0.59,0.455,0.155,0.8855,0.388,10,11.5,"adult"
"M",0.6,0.475,0.17,1.1315,0.508,10,11.5,"adult"
"M",0.6,0.48,0.155,1.014,0.451,11,12.5,"adult"
"M",0.6,0.46,0.155,0.9595,0.4455,11,12.5,"adult"
"M",0.605,0.49,0.14,0.9755,0.419,10,11.5,"adult"
"M",0.61,0.45,0.15,0.871,0.407,10,11.5,"adult"
"M",0.61,0.48,0.165,1.244,0.6345,12,13.5,"adult"
"M",0.61,0.475,0.17,1.0265,0.435,10,11.5,"adult"
"M",0.61,0.48,0.17,1.137,0.4565,10,11.5,"adult"
"M",0.61,0.46,0.16,1,0.494,10,11.5,"adult"
"M",0.615,0.47,0.165,1.128,0.4465,10,11.5,"adult"
"M",0.615,0.5,0.17,1.054,0.4845,10,11.5,"adult"
"M",0.615,0.475,0.17,1.129,0.4795,10,11.5,"adult"
"M",0.615,0.48,0.175,1.118,0.446,9,10.5,"adult"
"M",0.62,0.51,0.175,1.2815,0.5715,10,11.5,"adult"
"M",0.62,0.495,0.18,1.2555,0.5765,12,13.5,"adult"
"M",0.625,0.455,0.17,1.082,0.4955,9,10.5,"adult"
"M",0.63,0.485,0.145,1.062,0.5065,12,13.5,"adult"
"M",0.63,0.495,0.16,1.093,0.497,12,13.5,"adult"
"M",0.635,0.49,0.16,1.101,0.534,10,11.5,"adult"
"M",0.635,0.475,0.17,1.1935,0.5205,10,11.5,"adult"
"M",0.635,0.51,0.155,0.986,0.405,10,11.5,"adult"
"M",0.64,0.565,0.23,1.521,0.644,15,16.5,"old"
"M",0.64,0.525,0.18,1.3135,0.4865,10,11.5,"adult"
"M",0.645,0.51,0.16,1.1835,0.556,11,12.5,"adult"
"M",0.645,0.5,0.195,1.401,0.6165,10,11.5,"adult"
"M",0.645,0.525,0.16,1.5075,0.7455,11,12.5,"adult"
"M",0.65,0.525,0.175,1.5365,0.6865,11,12.5,"adult"
"M",0.65,0.51,0.19,1.542,0.7155,9,10.5,"adult"
"M",0.655,0.535,0.205,1.6445,0.7305,13,14.5,"old"
"M",0.655,0.49,0.175,1.3585,0.6395,10,11.5,"adult"
"M",0.675,0.545,0.185,1.7375,0.876,13,14.5,"old"
"M",0.685,0.545,0.205,1.7925,0.8145,9,10.5,"adult"
"M",0.705,0.565,0.515,2.21,1.1075,10,11.5,"adult"
"M",0.705,0.555,0.215,2.141,1.0465,11,12.5,"adult"
"M",0.72,0.575,0.215,2.173,0.9515,12,13.5,"adult"
"M",0.415,0.315,0.115,0.3895,0.2015,9,10.5,"adult"
"M",0.44,0.32,0.12,0.4565,0.2435,8,9.5,"adult"
"M",0.45,0.335,0.125,0.4475,0.2165,6,7.5,"adult"
"M",0.475,0.37,0.125,0.649,0.347,8,9.5,"adult"
"M",0.485,0.39,0.085,0.6435,0.2945,8,9.5,"adult"
"M",0.485,0.37,0.13,0.526,0.2485,6,7.5,"adult"
"M",0.505,0.385,0.105,0.5525,0.239,9,10.5,"adult"
"M",0.515,0.425,0.145,0.9365,0.497,8,9.5,"adult"
"M",0.52,0.4,0.125,0.559,0.254,8,9.5,"adult"
"M",0.525,0.4,0.14,0.7205,0.3685,8,9.5,"adult"
"M",0.53,0.4,0.125,0.7575,0.398,8,9.5,"adult"
"M",0.55,0.425,0.16,0.793,0.343,9,10.5,"adult"
"M",0.57,0.445,0.15,0.9875,0.504,8,9.5,"adult"
"M",0.575,0.465,0.15,1.08,0.595,9,10.5,"adult"
"M",0.575,0.46,0.165,0.9155,0.4005,8,9.5,"adult"
"M",0.585,0.455,0.15,0.906,0.4095,8,9.5,"adult"
"M",0.59,0.44,0.15,0.8725,0.387,8,9.5,"adult"
"M",0.6,0.455,0.155,0.945,0.4365,8,9.5,"adult"
"M",0.6,0.465,0.2,1.259,0.6405,9,10.5,"adult"
"M",0.62,0.485,0.155,1.049,0.462,10,11.5,"adult"
"M",0.62,0.48,0.165,1.0725,0.4815,9,10.5,"adult"
"M",0.625,0.52,0.175,1.4105,0.691,10,11.5,"adult"
"M",0.625,0.47,0.18,1.136,0.451,11,12.5,"adult"
"M",0.63,0.47,0.145,1.1005,0.52,9,10.5,"adult"
"M",0.63,0.455,0.15,1.1315,0.481,9,10.5,"adult"
"M",0.63,0.48,0.15,1.271,0.6605,11,12.5,"adult"
"M",0.635,0.51,0.185,1.308,0.544,8,9.5,"adult"
"M",0.645,0.51,0.155,1.539,0.6405,11,12.5,"adult"
"M",0.65,0.515,0.175,1.466,0.677,10,11.5,"adult"
"M",0.65,0.485,0.14,1.175,0.475,8,9.5,"adult"
"M",0.655,0.51,0.215,1.7835,0.8885,11,12.5,"adult"
"M",0.66,0.505,0.165,1.374,0.589,10,11.5,"adult"
"M",0.67,0.545,0.2,1.7025,0.833,11,12.5,"adult"
"M",0.67,0.51,0.175,1.5265,0.651,10,11.5,"adult"
"M",0.67,0.5,0.19,1.519,0.616,10,11.5,"adult"
"M",0.68,0.515,0.17,1.6115,0.8415,11,12.5,"adult"
"M",0.69,0.525,0.2,1.7825,0.9165,12,13.5,"adult"
"M",0.7,0.555,0.2,1.858,0.73,11,12.5,"adult"
"M",0.705,0.56,0.165,1.675,0.797,10,11.5,"adult"
"M",0.72,0.565,0.2,2.1055,1.017,12,13.5,"adult"
"M",0.725,0.575,0.24,2.21,1.351,13,14.5,"old"
"M",0.74,0.57,0.18,1.8725,0.9115,10,11.5,"adult"
"M",0.75,0.55,0.18,1.893,0.942,11,12.5,"adult"
"M",0.475,0.36,0.1,0.4285,0.1965,7,8.5,"adult"
"M",0.48,0.355,0.16,0.464,0.221,8,9.5,"adult"
"M",0.525,0.415,0.145,0.845,0.3525,8,9.5,"adult"
"M",0.525,0.4,0.155,0.707,0.282,9,10.5,"adult"
"M",0.54,0.455,0.14,0.972,0.419,10,11.5,"adult"
"M",0.55,0.435,0.14,0.7625,0.327,10,11.5,"adult"
"M",0.56,0.425,0.135,0.849,0.3265,10,11.5,"adult"
"M",0.565,0.44,0.125,0.802,0.3595,9,10.5,"adult"
"M",0.565,0.43,0.15,0.831,0.4245,10,11.5,"adult"
"M",0.57,0.45,0.14,0.795,0.3385,9,10.5,"adult"
"M",0.575,0.455,0.165,0.867,0.3765,8,9.5,"adult"
"M",0.575,0.47,0.185,0.985,0.3745,10,11.5,"adult"
"M",0.575,0.445,0.16,0.839,0.4005,9,10.5,"adult"
"M",0.575,0.44,0.16,0.9615,0.483,13,14.5,"old"
"M",0.58,0.46,0.155,1.0335,0.469,10,11.5,"adult"
"M",0.58,0.43,0.13,0.798,0.365,10,11.5,"adult"
"M",0.59,0.49,0.165,1.207,0.559,10,11.5,"adult"
"M",0.595,0.45,0.14,0.838,0.3965,10,11.5,"adult"
"M",0.595,0.45,0.145,0.959,0.463,10,11.5,"adult"
"M",0.6,0.48,0.165,0.9165,0.4135,9,10.5,"adult"
"M",0.6,0.47,0.165,1.059,0.504,9,10.5,"adult"
"M",0.6,0.47,0.16,1.194,0.5625,10,11.5,"adult"
"M",0.605,0.475,0.145,0.884,0.3835,8,9.5,"adult"
"M",0.61,0.475,0.155,0.983,0.4565,10,11.5,"adult"
"M",0.61,0.47,0.16,1.022,0.449,9,10.5,"adult"
"M",0.61,0.47,0.17,1.1185,0.5225,9,10.5,"adult"
"M",0.615,0.47,0.16,1.0175,0.473,10,11.5,"adult"
"M",0.615,0.475,0.175,1.224,0.6035,9,10.5,"adult"
"M",0.62,0.515,0.175,1.221,0.535,13,14.5,"old"
"M",0.62,0.48,0.15,1.266,0.6285,12,13.5,"adult"
"M",0.625,0.49,0.165,1.1165,0.4895,11,12.5,"adult"
"M",0.625,0.475,0.16,1.0845,0.5005,10,11.5,"adult"
"M",0.625,0.5,0.17,1.0985,0.4645,9,10.5,"adult"
"M",0.63,0.505,0.17,1.0915,0.4615,9,10.5,"adult"
"M",0.63,0.49,0.17,1.1745,0.5255,11,12.5,"adult"
"M",0.63,0.485,0.165,1.233,0.6565,10,11.5,"adult"
"M",0.63,0.495,0.175,1.2695,0.605,11,12.5,"adult"
"M",0.635,0.5,0.17,1.4345,0.611,12,13.5,"adult"
"M",0.64,0.515,0.18,1.247,0.5475,10,11.5,"adult"
"M",0.64,0.525,0.185,1.707,0.763,11,12.5,"adult"
"M",0.645,0.505,0.15,1.1605,0.519,10,11.5,"adult"
"M",0.645,0.5,0.175,1.286,0.5645,12,13.5,"adult"
"M",0.645,0.5,0.19,1.5595,0.741,14,15.5,"old"
"M",0.645,0.51,0.19,1.4745,0.605,9,10.5,"adult"
"M",0.645,0.51,0.195,1.226,0.5885,10,11.5,"adult"
"M",0.645,0.51,0.16,1.33,0.6665,9,10.5,"adult"
"M",0.645,0.5,0.175,1.3375,0.554,10,11.5,"adult"
"M",0.645,0.485,0.15,1.2215,0.5695,9,10.5,"adult"
"M",0.65,0.505,0.19,1.274,0.59,11,12.5,"adult"
"M",0.65,0.525,0.185,1.488,0.665,11,12.5,"adult"
"M",0.65,0.51,0.16,1.3835,0.6385,9,10.5,"adult"
"M",0.655,0.55,0.18,1.274,0.586,10,11.5,"adult"
"M",0.66,0.5,0.165,1.3195,0.667,9,10.5,"adult"
"M",0.66,0.53,0.195,1.5505,0.6505,10,11.5,"adult"
"M",0.66,0.51,0.165,1.6375,0.7685,14,15.5,"old"
"M",0.665,0.525,0.175,1.443,0.6635,11,12.5,"adult"
"M",0.665,0.505,0.16,1.289,0.6145,11,12.5,"adult"
"M",0.665,0.52,0.175,1.3725,0.606,12,13.5,"adult"
"M",0.665,0.5,0.175,1.2975,0.6075,9,10.5,"adult"
"M",0.67,0.505,0.16,1.2585,0.6255,12,13.5,"adult"
"M",0.67,0.52,0.165,1.39,0.711,11,12.5,"adult"
"M",0.675,0.525,0.16,1.2835,0.572,13,14.5,"old"
"M",0.68,0.52,0.195,1.4535,0.592,10,11.5,"adult"
"M",0.685,0.52,0.15,1.3735,0.7185,11,12.5,"adult"
"M",0.7,0.565,0.175,1.8565,0.8445,10,11.5,"adult"
"M",0.71,0.575,0.215,2.009,0.9895,11,12.5,"adult"
"M",0.71,0.56,0.22,2.015,0.9215,11,12.5,"adult"
"M",0.72,0.57,0.2,1.8275,0.919,10,11.5,"adult"
"M",0.72,0.55,0.205,2.125,1.1455,13,14.5,"old"
"M",0.735,0.59,0.215,1.747,0.7275,11,12.5,"adult"
"M",0.75,0.595,0.205,2.2205,1.083,12,13.5,"adult"
"M",0.77,0.62,0.195,2.5155,1.1155,12,13.5,"adult"
"M",0.775,0.63,0.25,2.7795,1.3485,12,13.5,"adult"
"M",0.39,0.28,0.125,0.564,0.3035,7,8.5,"adult"
"M",0.445,0.32,0.12,0.414,0.199,7,8.5,"adult"
"M",0.465,0.36,0.115,0.5795,0.295,7,8.5,"adult"
"M",0.485,0.37,0.155,0.968,0.419,9,10.5,"adult"
"M",0.5,0.37,0.15,1.0615,0.494,9,10.5,"adult"
"M",0.515,0.35,0.155,0.9225,0.4185,9,10.5,"adult"
"M",0.515,0.395,0.135,1.007,0.472,8,9.5,"adult"
"M",0.525,0.365,0.17,0.9605,0.438,10,11.5,"adult"
"M",0.525,0.38,0.125,0.65,0.303,7,8.5,"adult"
"M",0.53,0.41,0.14,0.7545,0.3495,8,9.5,"adult"
"M",0.55,0.42,0.16,1.3405,0.6325,10,11.5,"adult"
"M",0.57,0.455,0.175,1.02,0.4805,9,10.5,"adult"
"M",0.575,0.44,0.185,1.025,0.5075,10,11.5,"adult"
"M",0.585,0.455,0.145,0.953,0.3945,10,11.5,"adult"
"M",0.6,0.495,0.175,1.3005,0.6195,11,12.5,"adult"
"M",0.6,0.465,0.165,1.038,0.4975,9,10.5,"adult"
"M",0.605,0.475,0.175,1.2525,0.5575,9,10.5,"adult"
"M",0.605,0.475,0.15,1.15,0.575,10,11.5,"adult"
"M",0.62,0.47,0.145,1.0865,0.511,10,11.5,"adult"
"M",0.625,0.495,0.175,1.254,0.5815,9,10.5,"adult"
"M",0.625,0.49,0.185,1.169,0.5275,11,12.5,"adult"
"M",0.635,0.495,0.195,1.172,0.445,11,12.5,"adult"
"M",0.645,0.5,0.16,1.3815,0.672,9,10.5,"adult"
"M",0.65,0.525,0.19,1.6125,0.777,11,12.5,"adult"
"M",0.65,0.485,0.16,1.7395,0.5715,10,11.5,"adult"
"M",0.655,0.545,0.19,1.4245,0.6325,10,11.5,"adult"
"M",0.695,0.53,0.19,1.726,0.7625,11,12.5,"adult"
"M",0.72,0.56,0.18,1.5865,0.691,11,12.5,"adult"
"M",0.73,0.575,0.21,2.069,0.9285,11,12.5,"adult"
"M",0.515,0.385,0.11,0.5785,0.253,8,9.5,"adult"
"M",0.555,0.435,0.14,0.7495,0.341,8,9.5,"adult"
"M",0.555,0.41,0.125,0.599,0.2345,8,9.5,"adult"
"M",0.555,0.4,0.13,0.7075,0.332,7,8.5,"adult"
"M",0.555,0.455,0.135,0.837,0.382,9,10.5,"adult"
"M",0.565,0.415,0.125,0.667,0.302,7,8.5,"adult"
"M",0.565,0.455,0.155,0.9355,0.421,11,12.5,"adult"
"M",0.565,0.45,0.16,0.895,0.415,9,10.5,"adult"
"M",0.57,0.46,0.155,1.0005,0.454,11,12.5,"adult"
"M",0.57,0.455,0.155,0.832,0.3585,11,12.5,"adult"
"M",0.57,0.44,0.175,0.9415,0.3805,9,10.5,"adult"
"M",0.57,0.415,0.13,0.88,0.4275,13,14.5,"old"
"M",0.575,0.45,0.13,0.785,0.318,9,10.5,"adult"
"M",0.575,0.45,0.155,0.9765,0.495,9,10.5,"adult"
"M",0.575,0.435,0.135,0.992,0.432,10,11.5,"adult"
"M",0.575,0.455,0.155,1.013,0.4685,11,12.5,"adult"
"M",0.575,0.445,0.145,0.876,0.3795,10,11.5,"adult"
"M",0.575,0.475,0.145,0.857,0.3665,9,10.5,"adult"
"M",0.58,0.44,0.15,1.0465,0.518,10,11.5,"adult"
"M",0.58,0.44,0.16,0.8295,0.3365,9,10.5,"adult"
"M",0.595,0.455,0.15,0.886,0.4315,10,11.5,"adult"
"M",0.6,0.46,0.17,1.1805,0.456,11,12.5,"adult"
"M",0.6,0.475,0.15,0.99,0.386,10,11.5,"adult"
"M",0.605,0.47,0.18,1.1155,0.479,10,11.5,"adult"
"M",0.61,0.48,0.14,1.031,0.4375,8,9.5,"adult"
"M",0.615,0.47,0.145,1.0285,0.4435,11,12.5,"adult"
"M",0.615,0.47,0.15,1.0875,0.4975,9,10.5,"adult"
"M",0.615,0.495,0.2,1.219,0.564,10,11.5,"adult"
"M",0.62,0.49,0.16,1.035,0.44,11,12.5,"adult"
"M",0.62,0.49,0.15,1.195,0.4605,9,10.5,"adult"
"M",0.62,0.495,0.195,1.5145,0.579,15,16.5,"old"
"M",0.62,0.47,0.15,1.309,0.587,9,10.5,"adult"
"M",0.62,0.485,0.155,1.0295,0.425,12,13.5,"adult"
"M",0.625,0.495,0.155,1.0485,0.487,11,12.5,"adult"
"M",0.625,0.515,0.17,1.331,0.5725,9,10.5,"adult"
"M",0.625,0.505,0.185,1.1565,0.52,10,11.5,"adult"
"M",0.63,0.49,0.155,1.2525,0.63,9,10.5,"adult"
"M",0.635,0.525,0.16,1.195,0.5435,12,13.5,"adult"
"M",0.635,0.5,0.165,1.273,0.6535,12,13.5,"adult"
"M",0.635,0.515,0.165,1.229,0.5055,10,11.5,"adult"
"M",0.64,0.53,0.165,1.1895,0.4765,11,12.5,"adult"
"M",0.64,0.49,0.155,1.1285,0.477,9,10.5,"adult"
"M",0.645,0.49,0.175,1.32,0.6525,11,12.5,"adult"
"M",0.655,0.52,0.17,1.1445,0.53,9,10.5,"adult"
"M",0.66,0.51,0.175,1.218,0.5055,11,12.5,"adult"
"M",0.665,0.515,0.2,1.2695,0.5115,12,13.5,"adult"
"M",0.665,0.525,0.18,1.429,0.6715,12,13.5,"adult"
"M",0.675,0.515,0.15,1.312,0.556,11,12.5,"adult"
"M",0.68,0.54,0.19,1.623,0.7165,12,13.5,"adult"
"M",0.68,0.54,0.155,1.534,0.671,10,11.5,"adult"
"M",0.685,0.535,0.155,1.3845,0.6615,10,11.5,"adult"
"M",0.69,0.55,0.18,1.6915,0.6655,11,12.5,"adult"
"M",0.695,0.545,0.185,1.5715,0.6645,13,14.5,"old"
"M",0.7,0.55,0.175,1.4405,0.6565,12,13.5,"adult"
"M",0.7,0.55,0.195,1.6245,0.675,13,14.5,"old"
"M",0.72,0.565,0.19,2.081,1.0815,11,12.5,"adult"
"M",0.76,0.605,0.215,2.173,0.801,13,14.5,"old"
"M",0.45,0.33,0.105,0.4955,0.2575,8,9.5,"adult"
"M",0.47,0.365,0.135,0.522,0.2395,10,11.5,"adult"
"M",0.505,0.39,0.12,0.653,0.3315,9,10.5,"adult"
"M",0.505,0.395,0.135,0.5915,0.288,12,13.5,"adult"
"M",0.505,0.385,0.115,0.4825,0.21,10,11.5,"adult"
"M",0.515,0.4,0.14,0.6335,0.288,9,10.5,"adult"
"M",0.525,0.41,0.13,0.6875,0.3435,9,10.5,"adult"
"M",0.545,0.44,0.14,0.8395,0.356,11,12.5,"adult"
"M",0.565,0.445,0.145,0.9255,0.4345,9,10.5,"adult"
"M",0.58,0.46,0.16,1.063,0.513,9,10.5,"adult"
"M",0.59,0.465,0.165,1.115,0.5165,10,11.5,"adult"
"M",0.605,0.445,0.14,0.982,0.4295,12,13.5,"adult"
"M",0.61,0.49,0.16,1.112,0.465,10,11.5,"adult"
"M",0.66,0.515,0.195,1.5655,0.7345,9,10.5,"adult"
"M",0.45,0.35,0.13,0.4655,0.2075,8,9.5,"adult"
"M",0.46,0.345,0.12,0.4935,0.2435,8,9.5,"adult"
"M",0.46,0.345,0.11,0.4595,0.235,7,8.5,"adult"
"M",0.465,0.36,0.11,0.4955,0.2665,7,8.5,"adult"
"M",0.485,0.39,0.135,0.617,0.25,8,9.5,"adult"
"M",0.5,0.39,0.135,0.7815,0.361,9,10.5,"adult"
"M",0.505,0.385,0.13,0.6435,0.3135,7,8.5,"adult"
"M",0.525,0.385,0.1,0.5115,0.246,8,9.5,"adult"
"M",0.535,0.42,0.125,0.738,0.355,8,9.5,"adult"
"M",0.55,0.41,0.13,0.8705,0.4455,9,10.5,"adult"
"M",0.58,0.45,0.12,0.8685,0.418,8,9.5,"adult"
"M",0.595,0.465,0.15,0.919,0.4335,9,10.5,"adult"
"M",0.61,0.48,0.165,1.2435,0.5575,8,9.5,"adult"
"M",0.645,0.495,0.15,1.2095,0.603,9,10.5,"adult"
"M",0.65,0.5,0.14,1.238,0.6165,8,9.5,"adult"
"M",0.685,0.55,0.2,1.7725,0.813,11,12.5,"adult"
"M",0.72,0.585,0.22,1.914,0.9155,11,12.5,"adult"
"M",0.775,0.57,0.22,2.032,0.735,17,18.5,"old"
"M",0.53,0.425,0.13,0.7455,0.2995,10,11.5,"adult"
"M",0.415,0.3,0.1,0.3355,0.1545,7,8.5,"adult"
"M",0.5,0.39,0.145,0.651,0.273,11,12.5,"adult"
"M",0.425,0.33,0.08,0.361,0.134,7,8.5,"adult"
"M",0.47,0.35,0.1,0.4775,0.1885,8,9.5,"adult"
"M",0.5,0.38,0.155,0.66,0.2655,19,20.5,"old"
"M",0.375,0.29,0.1,0.276,0.1175,9,10.5,"adult"
"M",0.585,0.48,0.185,1.04,0.434,10,11.5,"adult"
"M",0.595,0.455,0.155,1.041,0.416,14,15.5,"old"
"M",0.665,0.535,0.225,2.1835,0.7535,27,28.5,"old"
"M",0.62,0.49,0.17,1.2105,0.5185,13,14.5,"old"
"M",0.525,0.405,0.13,0.7185,0.3265,8,9.5,"adult"
"M",0.425,0.325,0.1,0.3295,0.1365,7,8.5,"adult"
"M",0.385,0.295,0.095,0.335,0.147,7,8.5,"adult"
"M",0.47,0.375,0.115,0.4265,0.1685,8,9.5,"adult"
"M",0.62,0.51,0.175,1.1505,0.4375,12,13.5,"adult"
"M",0.595,0.47,0.15,0.8915,0.359,12,13.5,"adult"
"M",0.585,0.455,0.14,0.97,0.462,9,10.5,"adult"
"M",0.32,0.24,0.08,0.18,0.08,6,7.5,"adult"
"M",0.44,0.35,0.11,0.4585,0.2,9,10.5,"adult"
"M",0.565,0.425,0.1,0.7145,0.3055,12,13.5,"adult"
"M",0.68,0.53,0.205,1.496,0.5825,14,15.5,"old"
"M",0.47,0.37,0.105,0.4665,0.2025,10,11.5,"adult"
"M",0.455,0.35,0.105,0.401,0.1575,9,10.5,"adult"
"M",0.465,0.35,0.12,0.5205,0.2015,11,12.5,"adult"
"M",0.46,0.375,0.135,0.4935,0.186,12,13.5,"adult"
"M",0.415,0.31,0.09,0.3245,0.1305,8,9.5,"adult"
"M",0.27,0.195,0.07,0.106,0.0465,7,8.5,"adult"
"M",0.445,0.355,0.11,0.4415,0.1805,10,11.5,"adult"
"M",0.55,0.44,0.135,0.879,0.368,10,11.5,"adult"
"M",0.58,0.46,0.165,1.2275,0.473,16,17.5,"old"
"M",0.61,0.5,0.165,1.2715,0.4915,12,13.5,"adult"
"M",0.62,0.495,0.175,1.806,0.643,17,18.5,"old"
"M",0.56,0.42,0.195,0.8085,0.3025,14,15.5,"old"
"M",0.69,0.55,0.2,1.8465,0.732,19,20.5,"old"
"M",0.375,0.305,0.09,0.3245,0.1395,5,6.5,"young"
"M",0.335,0.235,0.085,0.1545,0.066,6,7.5,"adult"
"M",0.285,0.21,0.075,0.1185,0.055,7,8.5,"adult"
"M",0.595,0.465,0.125,0.799,0.3245,10,11.5,"adult"
"M",0.575,0.45,0.185,0.925,0.342,12,13.5,"adult"
"M",0.535,0.42,0.165,0.9195,0.3355,16,17.5,"old"
"M",0.55,0.43,0.16,0.9295,0.317,13,14.5,"old"
"M",0.495,0.4,0.155,0.8085,0.2345,6,7.5,"adult"
"M",0.445,0.34,0.12,0.4475,0.193,9,10.5,"adult"
"M",0.495,0.385,0.135,0.6335,0.2,14,15.5,"old"
"M",0.47,0.37,0.135,0.547,0.222,12,13.5,"adult"
"M",0.58,0.47,0.165,0.927,0.3215,11,12.5,"adult"
"M",0.645,0.495,0.185,1.4935,0.5265,15,16.5,"old"
"M",0.57,0.405,0.16,0.9245,0.3445,19,20.5,"old"
"M",0.615,0.48,0.19,1.36,0.5305,18,19.5,"old"
"M",0.42,0.345,0.105,0.43,0.175,7,8.5,"adult"
"M",0.42,0.34,0.115,0.4215,0.175,8,9.5,"adult"
"M",0.66,0.505,0.2,1.6305,0.4865,18,19.5,"old"
"M",0.565,0.47,0.195,1.142,0.387,17,18.5,"old"
"M",0.63,0.51,0.23,1.539,0.5635,17,18.5,"old"
"M",0.495,0.39,0.15,0.853,0.3285,14,15.5,"old"
"M",0.58,0.465,0.175,1.035,0.401,17,18.5,"old"
"M",0.59,0.475,0.155,0.857,0.356,13,14.5,"old"
"M",0.37,0.28,0.095,0.2225,0.0805,7,8.5,"adult"
"M",0.555,0.43,0.165,0.7575,0.2735,13,14.5,"old"
"M",0.595,0.475,0.17,1.0965,0.419,17,18.5,"old"
"M",0.6,0.48,0.175,1.229,0.4125,13,14.5,"old"
"M",0.585,0.465,0.19,1.171,0.3905,17,18.5,"old"
"M",0.415,0.315,0.125,0.388,0.068,12,13.5,"adult"
"M",0.465,0.36,0.13,0.5265,0.2105,10,11.5,"adult"
"M",0.46,0.375,0.14,0.5105,0.192,9,10.5,"adult"
"M",0.36,0.27,0.09,0.2225,0.083,6,7.5,"adult"
"M",0.655,0.59,0.2,1.5455,0.654,11,12.5,"adult"
"M",0.6,0.485,0.175,1.2675,0.4995,13,14.5,"old"
"M",0.65,0.495,0.18,1.793,0.8005,14,15.5,"old"
"M",0.51,0.395,0.145,0.6185,0.216,12,13.5,"adult"
"M",0.52,0.38,0.135,0.5825,0.2505,8,9.5,"adult"
"M",0.495,0.415,0.165,0.7485,0.264,13,14.5,"old"
"M",0.43,0.335,0.115,0.406,0.166,8,9.5,"adult"
"M",0.55,0.46,0.175,0.869,0.3155,10,11.5,"adult"
"M",0.585,0.43,0.16,0.955,0.3625,11,12.5,"adult"
"M",0.57,0.45,0.16,0.8615,0.3725,12,13.5,"adult"
"M",0.635,0.51,0.21,1.598,0.6535,15,16.5,"old"
"M",0.695,0.57,0.2,2.033,0.751,15,16.5,"old"
"M",0.655,0.525,0.185,1.259,0.487,20,21.5,"old"
"M",0.51,0.405,0.13,0.7175,0.3725,9,10.5,"adult"
"M",0.525,0.405,0.135,0.7575,0.3305,10,11.5,"adult"
"M",0.44,0.375,0.13,0.487,0.226,9,10.5,"adult"
"M",0.475,0.375,0.12,0.563,0.2525,10,11.5,"adult"
"M",0.525,0.425,0.12,0.702,0.3335,12,13.5,"adult"
"M",0.475,0.36,0.12,0.578,0.2825,8,9.5,"adult"
"M",0.46,0.375,0.13,0.5735,0.2505,9,10.5,"adult"
"M",0.59,0.49,0.135,1.008,0.422,11,12.5,"adult"
"M",0.455,0.355,0.13,0.515,0.2,11,12.5,"adult"
"M",0.47,0.375,0.13,0.5795,0.2145,13,14.5,"old"
"M",0.35,0.265,0.11,0.2965,0.1365,7,8.5,"adult"
"M",0.595,0.47,0.145,0.991,0.4035,16,17.5,"old"
"M",0.575,0.435,0.15,0.805,0.293,17,18.5,"old"
"M",0.535,0.435,0.155,0.8915,0.3415,13,14.5,"old"
"M",0.515,0.42,0.14,0.769,0.2505,13,14.5,"old"
"M",0.49,0.395,0.135,0.5545,0.213,14,15.5,"old"
"M",0.53,0.435,0.135,0.7365,0.3275,12,13.5,"adult"
"M",0.43,0.345,0.115,0.3045,0.0925,11,12.5,"adult"
"M",0.475,0.395,0.135,0.592,0.2465,13,14.5,"old"
"M",0.59,0.46,0.155,0.906,0.327,15,16.5,"old"
"M",0.695,0.55,0.22,1.5515,0.566,13,14.5,"old"
"M",0.61,0.49,0.15,1.103,0.425,23,24.5,"old"
"M",0.56,0.455,0.165,0.86,0.4015,11,12.5,"adult"
"M",0.655,0.485,0.195,1.62,0.6275,17,18.5,"old"
"M",0.64,0.52,0.2,1.407,0.566,17,18.5,"old"
"M",0.67,0.55,0.17,1.247,0.472,21,22.5,"old"
"M",0.505,0.4,0.13,0.764,0.3035,11,12.5,"adult"
"M",0.525,0.43,0.165,0.8645,0.376,16,17.5,"old"
"M",0.59,0.475,0.16,0.9455,0.3815,19,20.5,"old"
"M",0.7,0.53,0.19,1.3185,0.548,18,19.5,"old"
"M",0.635,0.495,0.15,1.081,0.4825,11,12.5,"adult"
"M",0.555,0.44,0.135,0.9025,0.3805,13,14.5,"old"
"M",0.575,0.47,0.15,1.1415,0.4515,13,14.5,"old"
"M",0.585,0.455,0.125,1.027,0.391,17,18.5,"old"
"M",0.55,0.45,0.155,0.7895,0.343,12,13.5,"adult"
"M",0.57,0.475,0.195,1.0295,0.4635,18,19.5,"old"
"M",0.695,0.57,0.23,1.885,0.8665,19,20.5,"old"
"M",0.65,0.545,0.16,1.2425,0.487,15,16.5,"old"
"M",0.18,0.125,0.05,0.023,0.0085,3,4.5,"young"
"M",0.34,0.275,0.09,0.2065,0.0725,10,11.5,"adult"
"M",0.175,0.135,0.04,0.0305,0.011,5,6.5,"young"
"M",0.155,0.115,0.025,0.024,0.009,5,6.5,"young"
"M",0.42,0.34,0.125,0.4495,0.165,11,12.5,"adult"
"M",0.37,0.29,0.09,0.241,0.11,10,11.5,"adult"
"M",0.33,0.25,0.09,0.197,0.085,10,11.5,"adult"
"M",0.29,0.225,0.08,0.1295,0.0535,10,11.5,"adult"
"M",0.31,0.245,0.095,0.15,0.0525,7,8.5,"adult"
"M",0.4,0.315,0.105,0.287,0.1135,10,11.5,"adult"
"M",0.425,0.315,0.125,0.3525,0.1135,18,19.5,"old"
"M",0.31,0.235,0.06,0.12,0.0415,11,12.5,"adult"
"M",0.35,0.255,0.085,0.2145,0.1,13,14.5,"old"
"M",0.26,0.2,0.065,0.096,0.044,6,7.5,"adult"
"M",0.26,0.19,0.075,0.0945,0.0445,6,7.5,"adult"
"M",0.34,0.255,0.095,0.213,0.081,9,10.5,"adult"
"M",0.515,0.4,0.16,0.8175,0.2515,23,24.5,"old"
"M",0.465,0.355,0.125,0.5255,0.2025,13,14.5,"old"
"M",0.54,0.415,0.17,0.879,0.339,10,11.5,"adult"
"M",0.475,0.355,0.125,0.4625,0.186,9,10.5,"adult"
"M",0.5,0.355,0.14,0.528,0.2125,9,10.5,"adult"
"M",0.5,0.38,0.135,0.5835,0.2295,12,13.5,"adult"
"M",0.35,0.26,0.09,0.198,0.0725,10,11.5,"adult"
"M",0.395,0.305,0.105,0.282,0.0975,9,10.5,"adult"
"M",0.445,0.35,0.14,0.5905,0.2025,14,15.5,"old"
"M",0.44,0.325,0.08,0.413,0.144,8,9.5,"adult"
"M",0.515,0.405,0.14,0.8505,0.312,17,18.5,"old"
"M",0.5,0.39,0.13,0.709,0.275,11,12.5,"adult"
"M",0.425,0.325,0.12,0.3755,0.142,9,10.5,"adult"
"M",0.51,0.415,0.14,0.8185,0.3025,16,17.5,"old"
"M",0.54,0.415,0.13,0.8245,0.272,13,14.5,"old"
"M",0.615,0.475,0.17,1.1825,0.474,11,12.5,"adult"
"M",0.565,0.44,0.175,1.122,0.393,20,21.5,"old"
"M",0.645,0.515,0.175,1.6115,0.6745,14,15.5,"old"
"M",0.605,0.49,0.145,1.3,0.517,14,15.5,"old"
"M",0.645,0.485,0.155,1.489,0.5915,18,19.5,"old"
"M",0.57,0.42,0.155,1.008,0.377,13,14.5,"old"
"M",0.39,0.285,0.095,0.271,0.11,8,9.5,"adult"
"M",0.52,0.4,0.165,0.8565,0.2745,12,13.5,"adult"
"M",0.46,0.36,0.135,0.6105,0.1955,14,15.5,"old"
"M",0.5,0.385,0.145,0.7615,0.246,14,15.5,"old"
"M",0.49,0.39,0.135,0.592,0.242,15,16.5,"old"
"M",0.44,0.325,0.115,0.39,0.163,7,8.5,"adult"
"M",0.4,0.305,0.13,0.2935,0.096,9,10.5,"adult"
"M",0.45,0.36,0.16,0.567,0.174,12,13.5,"adult"
"M",0.505,0.4,0.155,0.8415,0.2715,12,13.5,"adult"
"M",0.495,0.4,0.14,0.7775,0.2015,15,16.5,"old"
"M",0.54,0.41,0.145,0.989,0.2815,19,20.5,"old"
"M",0.465,0.375,0.11,0.5,0.21,8,9.5,"adult"
"M",0.48,0.37,0.135,0.6315,0.3445,7,8.5,"adult"
"M",0.5,0.4,0.13,0.7715,0.37,8,9.5,"adult"
"M",0.525,0.425,0.19,0.872,0.4625,9,10.5,"adult"
"M",0.54,0.42,0.12,0.8115,0.392,9,10.5,"adult"
"M",0.545,0.45,0.15,0.8795,0.387,11,12.5,"adult"
"M",0.58,0.46,0.18,1.145,0.48,11,12.5,"adult"
"M",0.59,0.455,0.16,1.09,0.5,9,10.5,"adult"
"M",0.59,0.48,0.16,1.262,0.5685,9,10.5,"adult"
"M",0.595,0.49,0.185,1.185,0.482,10,11.5,"adult"
"M",0.605,0.475,0.175,1.201,0.5395,10,11.5,"adult"
"M",0.63,0.5,0.185,1.362,0.5785,10,11.5,"adult"
"M",0.64,0.585,0.195,1.647,0.7225,12,13.5,"adult"
"M",0.66,0.535,0.2,1.791,0.733,15,16.5,"old"
"M",0.465,0.34,0.105,0.486,0.231,9,10.5,"adult"
"M",0.48,0.37,0.1,0.5135,0.243,8,9.5,"adult"
"M",0.5,0.375,0.145,0.6215,0.274,7,8.5,"adult"
"M",0.515,0.395,0.12,0.646,0.285,9,10.5,"adult"
"M",0.525,0.415,0.135,0.7945,0.394,7,8.5,"adult"
"M",0.525,0.425,0.125,0.812,0.4035,8,9.5,"adult"
"M",0.53,0.41,0.14,0.681,0.3095,6,7.5,"adult"
"M",0.54,0.435,0.14,0.7345,0.33,9,10.5,"adult"
"M",0.575,0.45,0.155,0.948,0.429,7,8.5,"adult"
"M",0.59,0.465,0.14,1.046,0.4695,7,8.5,"adult"
"M",0.6,0.46,0.15,1.247,0.5335,9,10.5,"adult"
"M",0.61,0.48,0.15,1.1495,0.564,8,9.5,"adult"
"M",0.615,0.47,0.155,1.2,0.5085,8,9.5,"adult"
"M",0.625,0.48,0.17,1.3555,0.671,10,11.5,"adult"
"M",0.63,0.48,0.165,1.286,0.604,8,9.5,"adult"
"M",0.645,0.49,0.16,1.251,0.5355,9,10.5,"adult"
"M",0.645,0.5,0.175,1.5105,0.6735,12,13.5,"adult"
"M",0.67,0.52,0.19,1.6385,0.8115,9,10.5,"adult"
"M",0.69,0.54,0.185,1.71,0.7725,8,9.5,"adult"
"M",0.695,0.525,0.175,1.742,0.696,12,13.5,"adult"
"M",0.765,0.585,0.18,2.398,1.128,12,13.5,"adult"
"M",0.77,0.6,0.215,2.1945,1.0515,10,11.5,"adult"
"M",0.49,0.38,0.11,0.554,0.2935,8,9.5,"adult"
"M",0.5,0.38,0.12,0.5765,0.273,9,10.5,"adult"
"M",0.505,0.4,0.135,0.723,0.377,7,8.5,"adult"
"M",0.545,0.42,0.145,0.778,0.3745,7,8.5,"adult"
"M",0.545,0.42,0.12,0.7865,0.403,7,8.5,"adult"
"M",0.565,0.43,0.13,0.784,0.3495,9,10.5,"adult"
"M",0.57,0.45,0.135,1.02,0.546,9,10.5,"adult"
"M",0.58,0.455,0.13,0.852,0.41,8,9.5,"adult"
"M",0.59,0.47,0.15,0.861,0.413,8,9.5,"adult"
"M",0.59,0.46,0.14,1.004,0.496,9,10.5,"adult"
"M",0.595,0.47,0.165,1.108,0.4915,9,10.5,"adult"
"M",0.595,0.46,0.14,0.852,0.4215,9,10.5,"adult"
"M",0.6,0.49,0.21,1.9875,1.005,10,11.5,"adult"
"M",0.615,0.45,0.15,1.198,0.707,7,8.5,"adult"
"M",0.615,0.475,0.175,1.103,0.4635,10,11.5,"adult"
"M",0.62,0.49,0.155,1.1,0.505,9,10.5,"adult"
"M",0.62,0.48,0.15,1.1015,0.4965,10,11.5,"adult"
"M",0.625,0.495,0.185,1.3835,0.7105,11,12.5,"adult"
"M",0.625,0.48,0.145,1.085,0.4645,10,11.5,"adult"
"M",0.63,0.505,0.15,1.3165,0.6325,11,12.5,"adult"
"M",0.63,0.51,0.175,1.3415,0.6575,10,11.5,"adult"
"M",0.63,0.465,0.15,1.027,0.537,8,9.5,"adult"
"M",0.645,0.515,0.16,1.1845,0.506,9,10.5,"adult"
"M",0.645,0.48,0.15,1.192,0.6055,9,10.5,"adult"
"M",0.65,0.515,0.125,1.1805,0.5235,9,10.5,"adult"
"M",0.65,0.52,0.175,1.2655,0.615,9,10.5,"adult"
"M",0.65,0.51,0.155,1.407,0.7215,9,10.5,"adult"
"M",0.66,0.515,0.165,1.4465,0.694,10,11.5,"adult"
"M",0.67,0.5,0.2,1.269,0.576,11,12.5,"adult"
"M",0.67,0.51,0.18,1.68,0.926,13,14.5,"old"
"M",0.68,0.52,0.165,1.4775,0.724,11,12.5,"adult"
"M",0.68,0.53,0.18,1.529,0.7635,11,12.5,"adult"
"M",0.7,0.525,0.175,1.7585,0.8745,10,11.5,"adult"
"M",0.7,0.55,0.2,1.523,0.693,13,14.5,"old"
"M",0.725,0.55,0.2,1.51,0.8735,9,10.5,"adult"
"M",0.735,0.57,0.175,1.88,0.9095,11,12.5,"adult"
"M",0.75,0.555,0.215,2.201,1.0615,11,12.5,"adult"
"M",0.45,0.325,0.115,0.4305,0.2235,8,9.5,"adult"
"M",0.48,0.375,0.12,0.5895,0.2535,11,12.5,"adult"
"M",0.515,0.41,0.14,0.7355,0.3065,7,8.5,"adult"
"M",0.535,0.43,0.155,0.7845,0.3285,10,11.5,"adult"
"M",0.58,0.44,0.175,1.2255,0.5405,10,11.5,"adult"
"M",0.585,0.465,0.165,0.885,0.4025,10,11.5,"adult"
"M",0.59,0.47,0.145,0.9235,0.4545,9,10.5,"adult"
"M",0.59,0.475,0.14,0.977,0.4625,10,11.5,"adult"
"M",0.595,0.475,0.14,1.0305,0.4925,10,11.5,"adult"
"M",0.6,0.48,0.09,1.05,0.457,8,9.5,"adult"
"M",0.6,0.495,0.185,1.1145,0.5055,11,12.5,"adult"
"M",0.6,0.45,0.145,0.877,0.4325,9,10.5,"adult"
"M",0.6,0.51,0.185,1.285,0.6095,9,10.5,"adult"
"M",0.61,0.48,0.185,1.3065,0.6895,10,11.5,"adult"
"M",0.625,0.5,0.14,1.096,0.5445,10,11.5,"adult"
"M",0.625,0.49,0.165,1.205,0.5175,10,11.5,"adult"
"M",0.63,0.505,0.175,1.221,0.555,12,13.5,"adult"
"M",0.63,0.47,0.15,1.1355,0.539,12,13.5,"adult"
"M",0.63,0.525,0.195,1.3135,0.4935,10,11.5,"adult"
"M",0.64,0.505,0.155,1.1955,0.5565,11,12.5,"adult"
"M",0.64,0.485,0.15,1.098,0.5195,10,11.5,"adult"
"M",0.64,0.495,0.17,1.139,0.5395,10,11.5,"adult"
"M",0.64,0.515,0.08,1.042,0.515,10,11.5,"adult"
"M",0.65,0.52,0.155,1.368,0.6185,9,10.5,"adult"
"M",0.65,0.51,0.175,1.446,0.6485,12,13.5,"adult"
"M",0.7,0.54,0.205,1.74,0.7885,13,14.5,"old"
"M",0.71,0.565,0.2,1.601,0.706,11,12.5,"adult"
"M",0.72,0.55,0.205,2.165,1.1055,10,11.5,"adult"
"M",0.725,0.57,0.19,2.3305,1.253,9,10.5,"adult"
"M",0.5,0.365,0.13,0.5945,0.309,9,10.5,"adult"
"M",0.52,0.4,0.105,0.872,0.4515,9,10.5,"adult"
"M",0.535,0.405,0.14,0.818,0.402,7,8.5,"adult"
"M",0.57,0.42,0.14,0.8745,0.416,8,9.5,"adult"
"M",0.58,0.445,0.16,0.984,0.49,9,10.5,"adult"
"M",0.59,0.47,0.155,1.1735,0.6245,9,10.5,"adult"
"M",0.59,0.485,0.155,1.0785,0.4535,9,10.5,"adult"
"M",0.595,0.435,0.16,1.057,0.4255,9,10.5,"adult"
"M",0.6,0.475,0.175,1.11,0.5105,9,10.5,"adult"
"M",0.6,0.45,0.16,1.142,0.539,10,11.5,"adult"
"M",0.605,0.475,0.19,1.1255,0.59,10,11.5,"adult"
"M",0.625,0.475,0.175,1.3405,0.656,10,11.5,"adult"
"M",0.625,0.5,0.13,1.082,0.5785,8,9.5,"adult"
"M",0.63,0.49,0.165,1.2005,0.575,10,11.5,"adult"
"M",0.63,0.485,0.16,1.243,0.623,10,11.5,"adult"
"M",0.665,0.515,0.19,1.6385,0.831,11,12.5,"adult"
"M",0.695,0.54,0.195,1.691,0.768,11,12.5,"adult"
"M",0.735,0.57,0.21,2.2355,1.1705,10,11.5,"adult"
"M",0.74,0.595,0.19,2.3235,1.1495,11,12.5,"adult"
"M",0.505,0.365,0.115,0.521,0.25,8,9.5,"adult"
"M",0.52,0.465,0.15,0.9505,0.456,8,9.5,"adult"
"M",0.53,0.405,0.15,0.8315,0.352,10,11.5,"adult"
"M",0.575,0.45,0.165,0.9655,0.498,8,9.5,"adult"
"M",0.58,0.465,0.15,0.9065,0.371,8,9.5,"adult"
"M",0.58,0.46,0.15,1.049,0.5205,10,11.5,"adult"
"M",0.58,0.445,0.15,0.9525,0.4315,11,12.5,"adult"
"M",0.59,0.5,0.15,1.142,0.485,9,10.5,"adult"
"M",0.595,0.47,0.155,1.2015,0.492,10,11.5,"adult"
"M",0.595,0.46,0.17,1.1295,0.57,10,11.5,"adult"
"M",0.6,0.45,0.195,1.34,0.617,10,11.5,"adult"
"M",0.6,0.465,0.165,1.0475,0.465,11,12.5,"adult"
"M",0.605,0.49,0.18,1.167,0.457,9,10.5,"adult"
"M",0.61,0.48,0.14,1.0625,0.516,11,12.5,"adult"
"M",0.615,0.455,0.15,0.9335,0.382,10,11.5,"adult"
"M",0.62,0.475,0.195,1.3585,0.5935,10,11.5,"adult"
"M",0.625,0.495,0.175,1.2075,0.531,11,12.5,"adult"
"M",0.625,0.515,0.165,1.217,0.667,10,11.5,"adult"
"M",0.625,0.49,0.12,0.8765,0.456,10,11.5,"adult"
"M",0.63,0.53,0.18,1.2795,0.618,9,10.5,"adult"
"M",0.63,0.51,0.17,1.1885,0.4915,7,8.5,"adult"
"M",0.635,0.52,0.175,1.292,0.6,11,12.5,"adult"
"M",0.635,0.485,0.18,1.1795,0.4785,10,11.5,"adult"
"M",0.635,0.515,0.16,1.2075,0.5385,11,12.5,"adult"
"M",0.64,0.505,0.18,1.297,0.59,11,12.5,"adult"
"M",0.64,0.575,0.175,1.4585,0.625,11,12.5,"adult"
"M",0.645,0.495,0.19,1.539,0.6115,12,13.5,"adult"
"M",0.65,0.52,0.195,1.676,0.693,15,16.5,"old"
"M",0.67,0.525,0.17,1.4005,0.715,9,10.5,"adult"
"M",0.67,0.525,0.195,1.4405,0.6595,9,10.5,"adult"
"M",0.67,0.54,0.175,1.482,0.739,10,11.5,"adult"
"M",0.68,0.515,0.16,1.2345,0.618,11,12.5,"adult"
"M",0.685,0.505,0.19,1.533,0.667,10,11.5,"adult"
"M",0.69,0.515,0.18,1.8445,0.9815,13,14.5,"old"
"M",0.715,0.55,0.175,1.825,0.938,11,12.5,"adult"
"M",0.72,0.58,0.19,2.0885,0.9955,13,14.5,"old"
"M",0.735,0.59,0.205,2.087,0.909,12,13.5,"adult"
"M",0.745,0.575,0.2,1.884,0.954,12,13.5,"adult"
"M",0.485,0.365,0.155,1.029,0.4235,8,9.5,"adult"
"M",0.49,0.355,0.155,0.981,0.465,8,9.5,"adult"
"M",0.535,0.405,0.175,1.2705,0.548,13,14.5,"old"
"M",0.555,0.405,0.19,1.406,0.6115,10,11.5,"adult"
"M",0.555,0.425,0.15,0.873,0.4625,9,10.5,"adult"
"M",0.56,0.425,0.135,0.9415,0.509,9,10.5,"adult"
"M",0.595,0.485,0.15,1.0835,0.5305,8,9.5,"adult"
"M",0.61,0.475,0.175,1.024,0.409,9,10.5,"adult"
"M",0.61,0.485,0.17,1.281,0.597,9,10.5,"adult"
"M",0.64,0.485,0.16,1.006,0.456,9,10.5,"adult"
"M",0.64,0.495,0.165,1.307,0.678,11,12.5,"adult"
"M",0.645,0.505,0.185,1.463,0.592,10,11.5,"adult"
"M",0.68,0.54,0.21,1.7885,0.8345,13,14.5,"old"
"M",0.7,0.545,0.185,1.6135,0.75,11,12.5,"adult"
"M",0.73,0.585,0.225,2.2305,1.2395,14,15.5,"old"
"M",0.535,0.41,0.12,0.6835,0.3125,8,9.5,"adult"
"M",0.54,0.42,0.19,0.6855,0.293,10,11.5,"adult"
"M",0.56,0.45,0.145,0.894,0.3885,9,10.5,"adult"
"M",0.57,0.45,0.145,0.95,0.4005,10,11.5,"adult"
"M",0.575,0.47,0.15,0.9785,0.4505,9,10.5,"adult"
"M",0.575,0.445,0.14,0.737,0.325,10,11.5,"adult"
"M",0.585,0.45,0.175,1.1275,0.4925,11,12.5,"adult"
"M",0.59,0.435,0.165,0.9765,0.4525,9,10.5,"adult"
"M",0.59,0.405,0.15,0.853,0.326,9,10.5,"adult"
"M",0.595,0.47,0.175,0.991,0.382,12,13.5,"adult"
"M",0.595,0.48,0.14,0.9125,0.4095,9,10.5,"adult"
"M",0.6,0.45,0.15,0.8665,0.3695,12,13.5,"adult"
"M",0.615,0.485,0.215,0.9615,0.422,11,12.5,"adult"
"M",0.615,0.49,0.17,1.145,0.4915,13,14.5,"old"
"M",0.63,0.515,0.175,1.1955,0.492,11,12.5,"adult"
"M",0.63,0.495,0.18,1.31,0.495,10,11.5,"adult"
"M",0.635,0.5,0.18,1.154,0.4405,9,10.5,"adult"
"M",0.65,0.505,0.17,1.5595,0.695,11,12.5,"adult"
"M",0.65,0.51,0.175,1.3165,0.6345,12,13.5,"adult"
"M",0.655,0.54,0.165,1.403,0.6955,11,12.5,"adult"
"M",0.665,0.525,0.155,1.3575,0.5325,10,11.5,"adult"
"M",0.675,0.52,0.145,1.3645,0.557,11,12.5,"adult"
"M",0.685,0.51,0.165,1.545,0.686,10,11.5,"adult"
"M",0.71,0.56,0.175,1.724,0.566,13,14.5,"old"
"M",0.455,0.35,0.11,0.458,0.2,8,9.5,"adult"
"M",0.46,0.355,0.14,0.491,0.207,10,11.5,"adult"
"M",0.495,0.38,0.12,0.474,0.197,10,11.5,"adult"
"M",0.51,0.395,0.125,0.5805,0.244,11,12.5,"adult"
"M",0.525,0.4,0.13,0.622,0.2655,9,10.5,"adult"
"M",0.53,0.415,0.12,0.706,0.3355,9,10.5,"adult"
"M",0.545,0.435,0.145,0.9385,0.3685,11,12.5,"adult"
"M",0.575,0.48,0.15,0.9465,0.4355,9,10.5,"adult"
"M",0.58,0.43,0.125,0.9115,0.446,10,11.5,"adult"
"M",0.595,0.455,0.145,0.942,0.43,11,12.5,"adult"
"M",0.6,0.465,0.18,1.193,0.5145,8,9.5,"adult"
"M",0.645,0.5,0.18,1.461,0.5985,11,12.5,"adult"
"M",0.66,0.525,0.2,1.489,0.6065,10,11.5,"adult"
"M",0.465,0.405,0.135,0.7775,0.436,10,11.5,"adult"
"M",0.51,0.415,0.145,0.751,0.3295,8,9.5,"adult"
"M",0.56,0.42,0.15,0.8755,0.44,8,9.5,"adult"
"M",0.575,0.45,0.135,0.9215,0.354,9,10.5,"adult"
"M",0.585,0.46,0.15,1.206,0.581,10,11.5,"adult"
"M",0.615,0.495,0.155,1.2865,0.435,11,12.5,"adult"
"M",0.67,0.515,0.165,1.1735,0.526,11,12.5,"adult"
"M",0.675,0.505,0.16,1.532,0.74,11,12.5,"adult"
"M",0.46,0.36,0.125,0.547,0.2165,8,9.5,"adult"
"M",0.46,0.35,0.125,0.5165,0.1885,9,10.5,"adult"
"M",0.535,0.42,0.125,0.764,0.312,11,12.5,"adult"
"M",0.465,0.36,0.105,0.488,0.188,10,11.5,"adult"
"M",0.51,0.4,0.14,0.6905,0.259,10,11.5,"adult"
"M",0.55,0.425,0.16,0.97,0.2885,20,21.5,"old"
"M",0.55,0.42,0.17,0.8465,0.336,13,14.5,"old"
"M",0.585,0.45,0.15,1.047,0.4315,14,15.5,"old"
"M",0.425,0.335,0.1,0.4085,0.1755,9,10.5,"adult"
"M",0.54,0.41,0.13,0.56,0.2375,7,8.5,"adult"
"M",0.505,0.395,0.125,0.635,0.29,9,10.5,"adult"
"M",0.535,0.44,0.165,0.875,0.279,10,11.5,"adult"
"M",0.55,0.435,0.11,0.806,0.3415,9,10.5,"adult"
"M",0.64,0.49,0.14,1.194,0.4445,15,16.5,"old"
"M",0.605,0.49,0.155,1.153,0.503,15,16.5,"old"
"M",0.605,0.47,0.115,1.114,0.3925,15,16.5,"old"
"M",0.56,0.45,0.155,0.9125,0.3595,10,11.5,"adult"
"M",0.525,0.405,0.16,0.792,0.316,13,14.5,"old"
"M",0.35,0.265,0.09,0.2265,0.0995,6,7.5,"adult"
"M",0.45,0.355,0.12,0.3955,0.147,9,10.5,"adult"
"M",0.38,0.3,0.1,0.2505,0.106,8,9.5,"adult"
"M",0.5,0.385,0.135,0.551,0.2245,11,12.5,"adult"
"M",0.645,0.505,0.165,1.307,0.4335,10,11.5,"adult"
"M",0.565,0.44,0.115,0.9185,0.404,11,12.5,"adult"
"M",0.72,0.575,0.23,2.2695,0.8835,16,17.5,"old"
"M",0.55,0.405,0.15,0.9235,0.412,7,8.5,"adult"
"M",0.65,0.515,0.18,1.3315,0.5665,13,14.5,"old"
"M",0.565,0.435,0.185,1.032,0.354,20,21.5,"old"
"M",0.45,0.335,0.14,0.478,0.1865,11,12.5,"adult"
"M",0.335,0.265,0.095,0.1975,0.0795,9,10.5,"adult"
"M",0.565,0.45,0.14,1.0055,0.3785,12,13.5,"adult"
"M",0.63,0.51,0.19,1.4985,0.4125,16,17.5,"old"
"M",0.425,0.34,0.12,0.388,0.149,10,11.5,"adult"
"M",0.675,0.525,0.175,1.402,0.483,16,17.5,"old"
"M",0.5,0.4,0.145,0.6025,0.216,11,12.5,"adult"
"M",0.385,0.305,0.09,0.2775,0.109,9,10.5,"adult"
"M",0.52,0.435,0.195,0.973,0.2985,18,19.5,"old"
"M",0.52,0.415,0.175,0.753,0.258,8,9.5,"adult"
"M",0.64,0.525,0.2,1.3765,0.44,16,17.5,"old"
"M",0.57,0.455,0.15,0.96,0.387,11,12.5,"adult"
"M",0.41,0.325,0.12,0.3745,0.158,12,13.5,"adult"
"M",0.485,0.41,0.15,0.696,0.2405,13,14.5,"old"
"M",0.665,0.535,0.155,1.383,0.596,14,15.5,"old"
"M",0.635,0.51,0.155,1.156,0.428,18,19.5,"old"
"M",0.695,0.53,0.15,1.477,0.6375,14,15.5,"old"
"M",0.555,0.435,0.135,0.858,0.377,15,16.5,"old"
"M",0.65,0.525,0.19,1.4995,0.6265,14,15.5,"old"
"M",0.635,0.48,0.19,1.467,0.5825,15,16.5,"old"
"M",0.55,0.435,0.16,0.906,0.342,13,14.5,"old"
"M",0.595,0.5,0.165,1.06,0.402,11,12.5,"adult"
"M",0.3,0.24,0.09,0.161,0.0725,6,7.5,"adult"
"M",0.48,0.38,0.13,0.6175,0.3,12,13.5,"adult"
"M",0.505,0.385,0.11,0.655,0.3185,9,10.5,"adult"
"M",0.455,0.375,0.125,0.484,0.2155,7,8.5,"adult"
"M",0.64,0.505,0.165,1.4435,0.6145,18,19.5,"old"
"M",0.565,0.45,0.115,0.9085,0.398,17,18.5,"old"
"M",0.48,0.38,0.135,0.528,0.2,14,15.5,"old"
"M",0.41,0.31,0.125,0.3595,0.1415,11,12.5,"adult"
"M",0.52,0.425,0.155,0.7735,0.297,17,18.5,"old"
"M",0.465,0.36,0.125,0.4365,0.169,11,12.5,"adult"
"M",0.46,0.355,0.11,0.415,0.215,12,13.5,"adult"
"M",0.485,0.385,0.125,0.4775,0.2,12,13.5,"adult"
"M",0.525,0.415,0.16,0.6445,0.26,12,13.5,"adult"
"M",0.69,0.54,0.185,1.6195,0.533,24,25.5,"old"
"M",0.55,0.45,0.17,0.81,0.317,11,12.5,"adult"
"M",0.565,0.44,0.155,0.868,0.348,11,12.5,"adult"
"M",0.55,0.46,0.13,0.7085,0.305,12,13.5,"adult"
"M",0.535,0.42,0.16,0.72,0.275,15,16.5,"old"
"M",0.53,0.405,0.13,0.738,0.2845,9,10.5,"adult"
"M",0.575,0.455,0.185,1.156,0.5525,13,14.5,"old"
"M",0.59,0.45,0.12,0.7485,0.3345,14,15.5,"old"
"M",0.645,0.5,0.19,1.229,0.524,17,18.5,"old"
"M",0.605,0.485,0.175,1.145,0.4325,16,17.5,"old"
"M",0.275,0.2,0.08,0.099,0.037,5,6.5,"young"
"M",0.4,0.31,0.11,0.314,0.138,11,12.5,"adult"
"M",0.35,0.26,0.09,0.195,0.0745,9,10.5,"adult"
"M",0.44,0.35,0.14,0.451,0.171,16,17.5,"old"
"M",0.265,0.2,0.065,0.084,0.034,7,8.5,"adult"
"M",0.165,0.125,0.04,0.0245,0.0095,4,5.5,"young"
"M",0.345,0.265,0.09,0.163,0.0615,10,11.5,"adult"
"M",0.43,0.33,0.095,0.34,0.1315,14,15.5,"old"
"M",0.415,0.32,0.1,0.3005,0.1215,11,12.5,"adult"
"M",0.285,0.215,0.075,0.106,0.0415,5,6.5,"young"
"M",0.41,0.315,0.095,0.306,0.121,9,10.5,"adult"
"M",0.41,0.3,0.1,0.301,0.124,9,10.5,"adult"
"M",0.33,0.245,0.085,0.171,0.0655,11,12.5,"adult"
"M",0.28,0.21,0.065,0.0905,0.035,5,6.5,"young"
"M",0.455,0.345,0.125,0.44,0.169,12,13.5,"adult"
"M",0.33,0.235,0.09,0.163,0.0615,10,11.5,"adult"
"M",0.54,0.405,0.155,0.9715,0.3225,19,20.5,"old"
"M",0.335,0.255,0.075,0.1635,0.0615,8,9.5,"adult"
"M",0.545,0.435,0.165,0.9955,0.3245,19,20.5,"old"
"M",0.495,0.4,0.12,0.6605,0.2605,15,16.5,"old"
"M",0.5,0.375,0.13,0.721,0.3055,14,15.5,"old"
"M",0.515,0.4,0.125,0.955,0.341,13,14.5,"old"
"M",0.545,0.41,0.145,0.873,0.3035,18,19.5,"old"
"M",0.74,0.535,0.185,1.65,0.734,13,14.5,"old"
"M",0.565,0.465,0.15,1.1285,0.377,16,17.5,"old"
"M",0.56,0.44,0.16,1.1115,0.5035,10,11.5,"adult"
"M",0.545,0.42,0.125,0.9745,0.353,13,14.5,"old"
"M",0.645,0.515,0.185,1.4605,0.5835,19,20.5,"old"
"M",0.575,0.435,0.13,1.0105,0.368,10,11.5,"adult"
"M",0.62,0.48,0.16,1.0765,0.412,13,14.5,"old"
"M",0.605,0.475,0.16,1.616,0.5495,18,19.5,"old"
"M",0.365,0.285,0.085,0.2205,0.0855,9,10.5,"adult"
"M",0.53,0.43,0.135,0.879,0.28,10,11.5,"adult"
"M",0.48,0.395,0.15,0.6815,0.2145,18,19.5,"old"
"M",0.455,0.345,0.15,0.5795,0.1685,13,14.5,"old"
"M",0.37,0.28,0.105,0.224,0.0815,8,9.5,"adult"
"M",0.49,0.395,0.12,0.674,0.3325,9,10.5,"adult"
"M",0.56,0.45,0.14,0.9,0.472,7,8.5,"adult"
"M",0.58,0.46,0.15,1.0165,0.491,9,10.5,"adult"
"M",0.59,0.47,0.135,1.1685,0.539,8,9.5,"adult"
"M",0.6,0.475,0.15,1.089,0.5195,11,12.5,"adult"
"M",0.61,0.47,0.155,1.0325,0.497,9,10.5,"adult"
"M",0.64,0.51,0.17,1.3715,0.567,10,11.5,"adult"
"M",0.71,0.55,0.2,1.9045,0.882,13,14.5,"old"
"M",0.74,0.605,0.2,2.4925,1.1455,13,14.5,"old"
"M",0.48,0.37,0.13,0.643,0.349,8,9.5,"adult"
"M",0.52,0.39,0.12,0.6435,0.2885,7,8.5,"adult"
"M",0.52,0.395,0.125,0.8115,0.4035,7,8.5,"adult"
"M",0.55,0.44,0.155,0.9155,0.3645,8,9.5,"adult"
"M",0.6,0.475,0.155,1.1385,0.502,9,10.5,"adult"
"M",0.615,0.505,0.19,1.403,0.6715,8,9.5,"adult"
"M",0.62,0.485,0.165,1.1325,0.5235,9,10.5,"adult"
"M",0.625,0.485,0.17,1.437,0.5855,11,12.5,"adult"
"M",0.635,0.495,0.155,1.3635,0.583,10,11.5,"adult"
"M",0.64,0.5,0.17,1.4545,0.642,9,10.5,"adult"
"M",0.66,0.525,0.18,1.478,0.5815,10,11.5,"adult"
"M",0.72,0.565,0.2,1.787,0.718,11,12.5,"adult"
"M",0.535,0.42,0.16,0.7465,0.348,10,11.5,"adult"
"M",0.55,0.44,0.16,0.985,0.4645,8,9.5,"adult"
"M",0.555,0.44,0.145,0.85,0.4165,8,9.5,"adult"
"M",0.555,0.44,0.15,0.838,0.4155,8,9.5,"adult"
"M",0.56,0.415,0.13,0.7615,0.3695,8,9.5,"adult"
"M",0.575,0.44,0.145,0.87,0.3945,8,9.5,"adult"
"M",0.59,0.46,0.145,0.929,0.38,10,11.5,"adult"
"M",0.6,0.41,0.145,0.939,0.4475,8,9.5,"adult"
"M",0.6,0.475,0.16,1.164,0.5045,12,13.5,"adult"
"M",0.61,0.47,0.175,1.214,0.5315,10,11.5,"adult"
"M",0.625,0.495,0.18,1.0815,0.4715,10,11.5,"adult"
"M",0.625,0.47,0.175,1.179,0.605,9,10.5,"adult"
"M",0.65,0.505,0.18,1.469,0.7115,9,10.5,"adult"
"M",0.655,0.52,0.18,1.492,0.7185,11,12.5,"adult"
"M",0.67,0.525,0.18,1.6615,0.8005,10,11.5,"adult"
"M",0.71,0.57,0.195,1.348,0.8985,11,12.5,"adult"
"M",0.715,0.545,0.18,1.7405,0.871,10,11.5,"adult"
"M",0.435,0.335,0.11,0.4385,0.2075,7,8.5,"adult"
"M",0.505,0.39,0.115,0.5585,0.2575,8,9.5,"adult"
"M",0.535,0.415,0.135,0.78,0.3165,8,9.5,"adult"
"M",0.57,0.47,0.155,1.186,0.6355,10,11.5,"adult"
"M",0.575,0.45,0.155,0.886,0.3605,9,10.5,"adult"
"M",0.58,0.47,0.165,1.041,0.54,9,10.5,"adult"
"M",0.6,0.47,0.15,0.928,0.4225,8,9.5,"adult"
"M",0.6,0.475,0.23,1.157,0.522,11,12.5,"adult"
"M",0.625,0.48,0.16,1.1415,0.5795,9,10.5,"adult"
"M",0.625,0.49,0.165,1.1835,0.517,11,12.5,"adult"
"M",0.625,0.485,0.16,1.2135,0.631,9,10.5,"adult"
"M",0.635,0.495,0.17,1.3695,0.657,10,11.5,"adult"
"M",0.65,0.515,0.185,1.3745,0.75,12,13.5,"adult"
"M",0.65,0.515,0.18,1.463,0.658,11,12.5,"adult"
"M",0.655,0.525,0.16,1.46,0.686,11,12.5,"adult"
"M",0.66,0.515,0.2,1.6465,0.749,11,12.5,"adult"
"M",0.675,0.515,0.145,1.265,0.6025,10,11.5,"adult"
"M",0.685,0.53,0.17,1.56,0.647,11,12.5,"adult"
"M",0.715,0.52,0.18,1.6,0.708,12,13.5,"adult"
"M",0.735,0.555,0.22,2.333,1.2395,12,13.5,"adult"
"M",0.515,0.39,0.14,0.678,0.341,8,9.5,"adult"
"M",0.545,0.43,0.155,0.8035,0.409,7,8.5,"adult"
"M",0.58,0.45,0.16,0.8675,0.3935,9,10.5,"adult"
"M",0.6,0.46,0.18,1.14,0.423,10,11.5,"adult"
"M",0.615,0.475,0.155,1.0735,0.4375,11,12.5,"adult"
"M",0.615,0.475,0.19,1.4335,0.7315,9,10.5,"adult"
"M",0.615,0.495,0.2,1.304,0.5795,14,15.5,"old"
"M",0.62,0.46,0.16,0.9505,0.4915,9,10.5,"adult"
"M",0.63,0.515,0.17,1.385,0.6355,11,12.5,"adult"
"M",0.655,0.505,0.165,1.27,0.6035,10,11.5,"adult"
"M",0.66,0.53,0.175,1.583,0.7395,10,11.5,"adult"
"M",0.69,0.53,0.19,1.5955,0.678,10,11.5,"adult"
"M",0.715,0.525,0.2,1.89,0.95,10,11.5,"adult"
"M",0.53,0.41,0.125,0.769,0.346,9,10.5,"adult"
"M",0.535,0.405,0.14,0.7315,0.336,7,8.5,"adult"
"M",0.545,0.41,0.14,0.737,0.349,9,10.5,"adult"
"M",0.59,0.465,0.135,0.9895,0.4235,8,9.5,"adult"
"M",0.6,0.47,0.16,1.012,0.441,10,11.5,"adult"
"M",0.605,0.49,0.165,1.1245,0.492,11,12.5,"adult"
"M",0.61,0.45,0.19,1.0805,0.517,10,11.5,"adult"
"M",0.615,0.47,0.175,1.242,0.5675,11,12.5,"adult"
"M",0.62,0.5,0.18,1.3915,0.726,11,12.5,"adult"
"M",0.62,0.525,0.155,1.085,0.454,10,11.5,"adult"
"M",0.62,0.48,0.165,1.0855,0.481,10,11.5,"adult"
"M",0.64,0.5,0.175,1.273,0.5065,13,14.5,"old"
"M",0.645,0.51,0.19,1.4865,0.6445,12,13.5,"adult"
"M",0.65,0.52,0.17,1.3655,0.6155,11,12.5,"adult"
"M",0.65,0.495,0.17,1.276,0.6215,11,12.5,"adult"
"M",0.65,0.495,0.16,1.2075,0.55,10,11.5,"adult"
"M",0.65,0.525,0.205,1.4275,0.69,13,14.5,"old"
"M",0.65,0.51,0.175,1.155,0.4955,12,13.5,"adult"
"M",0.65,0.525,0.19,1.3685,0.5975,11,12.5,"adult"
"M",0.66,0.51,0.18,1.261,0.5,10,11.5,"adult"
"M",0.67,0.54,0.195,1.217,0.532,11,12.5,"adult"
"M",0.675,0.51,0.17,1.527,0.809,11,12.5,"adult"
"M",0.685,0.55,0.19,1.885,0.89,10,11.5,"adult"
"M",0.685,0.535,0.175,1.432,0.637,11,12.5,"adult"
"M",0.705,0.55,0.21,1.4385,0.655,11,12.5,"adult"
"M",0.71,0.555,0.175,2.14,1.2455,11,12.5,"adult"
"M",0.78,0.6,0.21,2.548,1.1945,11,12.5,"adult"
"M",0.43,0.31,0.13,0.6485,0.2735,9,10.5,"adult"
"M",0.495,0.375,0.155,0.976,0.45,9,10.5,"adult"
"M",0.505,0.4,0.15,0.775,0.3445,7,8.5,"adult"
"M",0.51,0.38,0.135,0.681,0.3435,9,10.5,"adult"
"M",0.515,0.37,0.115,0.6145,0.3415,9,10.5,"adult"
"M",0.605,0.455,0.16,1.1215,0.533,10,11.5,"adult"
"M",0.615,0.505,0.165,1.167,0.4895,10,11.5,"adult"
"M",0.615,0.475,0.15,1.0375,0.476,9,10.5,"adult"
"M",0.625,0.48,0.18,1.223,0.565,10,11.5,"adult"
"M",0.625,0.47,0.15,1.124,0.556,9,10.5,"adult"
"M",0.53,0.425,0.155,0.7905,0.307,9,10.5,"adult"
"M",0.53,0.425,0.13,0.702,0.2975,9,10.5,"adult"
"M",0.53,0.42,0.135,0.675,0.294,10,11.5,"adult"
"M",0.555,0.46,0.16,0.86,0.3345,10,11.5,"adult"
"M",0.56,0.465,0.145,0.8875,0.3345,9,10.5,"adult"
"M",0.575,0.465,0.12,1.0535,0.516,9,10.5,"adult"
"M",0.58,0.45,0.155,0.8275,0.321,8,9.5,"adult"
"M",0.585,0.47,0.145,0.9565,0.4025,9,10.5,"adult"
"M",0.595,0.48,0.185,1.1785,0.526,10,11.5,"adult"
"M",0.615,0.48,0.185,1.2205,0.4985,10,11.5,"adult"
"M",0.615,0.455,0.13,0.9685,0.49,10,11.5,"adult"
"M",0.62,0.48,0.155,1.2555,0.527,11,12.5,"adult"
"M",0.625,0.495,0.155,1.177,0.5055,9,10.5,"adult"
"M",0.625,0.5,0.185,1.2425,0.5995,10,11.5,"adult"
"M",0.63,0.49,0.16,1.09,0.407,12,13.5,"adult"
"M",0.67,0.52,0.175,1.4755,0.6275,10,11.5,"adult"
"M",0.675,0.54,0.175,1.5545,0.6645,12,13.5,"adult"
"M",0.695,0.58,0.2,1.8995,0.675,13,14.5,"old"
"M",0.74,0.58,0.205,2.381,0.8155,12,13.5,"adult"
"M",0.425,0.305,0.11,0.359,0.173,9,10.5,"adult"
"M",0.515,0.385,0.13,0.623,0.2855,10,11.5,"adult"
"M",0.555,0.445,0.13,0.8625,0.4225,9,10.5,"adult"
"M",0.465,0.355,0.12,0.5315,0.2725,8,9.5,"adult"
"M",0.475,0.385,0.12,0.562,0.289,8,9.5,"adult"
"M",0.565,0.445,0.14,0.836,0.406,9,10.5,"adult"
"M",0.57,0.45,0.14,0.9275,0.477,8,9.5,"adult"
"M",0.57,0.44,0.145,0.8815,0.3605,10,11.5,"adult"
"M",0.595,0.46,0.155,1.03,0.4275,10,11.5,"adult"
"M",0.62,0.46,0.17,1.127,0.535,7,8.5,"adult"
"M",0.625,0.47,0.17,1.1665,0.4605,11,12.5,"adult"
"M",0.68,0.54,0.195,1.7825,0.5565,11,12.5,"adult"
"M",0.68,0.52,0.175,1.543,0.7525,11,12.5,"adult"
"M",0.5,0.385,0.12,0.6335,0.2305,14,15.5,"old"
"M",0.535,0.41,0.15,0.8105,0.345,11,12.5,"adult"
"M",0.335,0.26,0.075,0.22,0.0855,6,7.5,"adult"
"M",0.41,0.325,0.1,0.3555,0.146,9,10.5,"adult"
"M",0.52,0.425,0.125,0.79,0.372,8,9.5,"adult"
"M",0.5,0.42,0.125,0.62,0.255,11,12.5,"adult"
"M",0.575,0.45,0.16,0.955,0.44,16,17.5,"old"
"M",0.57,0.45,0.155,0.91,0.326,14,15.5,"old"
"M",0.455,0.35,0.105,0.416,0.1625,11,12.5,"adult"
"M",0.445,0.37,0.125,0.515,0.2495,9,10.5,"adult"
"M",0.385,0.3,0.115,0.3435,0.1645,6,7.5,"adult"
"M",0.56,0.44,0.13,0.8255,0.2425,10,11.5,"adult"
"M",0.55,0.41,0.15,0.785,0.282,12,13.5,"adult"
"M",0.41,0.335,0.115,0.4405,0.19,8,9.5,"adult"
"M",0.655,0.515,0.2,1.373,0.443,16,17.5,"old"
"M",0.475,0.37,0.125,0.655,0.266,10,11.5,"adult"
"M",0.525,0.395,0.165,0.782,0.285,19,20.5,"old"
"M",0.545,0.44,0.165,0.744,0.2875,15,16.5,"old"
"M",0.295,0.225,0.09,0.1385,0.048,9,10.5,"adult"
"M",0.545,0.45,0.16,0.8615,0.2925,16,17.5,"old"
"M",0.45,0.355,0.115,0.478,0.18,10,11.5,"adult"
"M",0.54,0.425,0.12,0.817,0.2945,10,11.5,"adult"
"M",0.62,0.5,0.2,1.221,0.4605,12,13.5,"adult"
"M",0.515,0.4,0.14,0.7365,0.2955,16,17.5,"old"
"M",0.495,0.38,0.135,0.6295,0.263,12,13.5,"adult"
"M",0.76,0.575,0.19,1.829,0.7035,14,15.5,"old"
"M",0.445,0.345,0.14,0.476,0.2055,15,16.5,"old"
"M",0.635,0.48,0.235,1.064,0.413,16,17.5,"old"
"M",0.575,0.47,0.165,0.853,0.292,16,17.5,"old"
"M",0.38,0.27,0.095,0.219,0.0835,6,7.5,"adult"
"M",0.245,0.18,0.065,0.0635,0.0245,4,5.5,"young"
"M",0.455,0.355,0.135,0.4745,0.1865,13,14.5,"old"
"M",0.295,0.23,0.085,0.125,0.042,8,9.5,"adult"
"M",0.375,0.28,0.095,0.2225,0.0875,10,11.5,"adult"
"M",0.395,0.28,0.08,0.266,0.0995,12,13.5,"adult"
"M",0.52,0.41,0.115,0.77,0.263,11,12.5,"adult"
"M",0.53,0.425,0.11,0.739,0.237,13,14.5,"old"
"M",0.555,0.42,0.145,0.8695,0.3075,14,15.5,"old"
"M",0.505,0.39,0.105,0.6555,0.2595,11,12.5,"adult"
"M",0.55,0.45,0.175,1.0985,0.3765,14,15.5,"old"
"M",0.55,0.44,0.16,0.991,0.348,20,21.5,"old"
"M",0.525,0.41,0.165,0.8005,0.2635,13,14.5,"old"
"M",0.475,0.365,0.14,0.6175,0.202,16,17.5,"old"
"M",0.485,0.385,0.105,0.556,0.296,7,8.5,"adult"
"M",0.69,0.55,0.195,1.777,0.769,11,12.5,"adult"
"M",0.695,0.55,0.205,2.173,1.133,10,11.5,"adult"
"M",0.415,0.315,0.12,0.4015,0.199,8,9.5,"adult"
"M",0.485,0.39,0.12,0.599,0.251,8,9.5,"adult"
"M",0.495,0.375,0.115,0.6245,0.282,6,7.5,"adult"
"M",0.565,0.455,0.15,0.9795,0.444,8,9.5,"adult"
"M",0.6,0.465,0.155,1.262,0.6245,10,11.5,"adult"
"M",0.63,0.48,0.185,1.21,0.53,11,12.5,"adult"
"M",0.665,0.515,0.165,1.3855,0.621,8,9.5,"adult"
"M",0.67,0.51,0.2,1.5945,0.6705,10,11.5,"adult"
"M",0.685,0.51,0.18,1.4545,0.6315,9,10.5,"adult"
"M",0.7,0.6,0.23,2.003,0.8105,10,11.5,"adult"
"M",0.72,0.6,0.235,2.2385,0.984,12,13.5,"adult"
"M",0.52,0.395,0.125,0.5815,0.2565,10,11.5,"adult"
"M",0.585,0.465,0.15,0.98,0.4315,9,10.5,"adult"
"M",0.585,0.455,0.155,1.133,0.5515,12,13.5,"adult"
"M",0.61,0.49,0.16,1.146,0.597,8,9.5,"adult"
"M",0.61,0.475,0.15,1.142,0.62,9,10.5,"adult"
"M",0.615,0.53,0.17,1.12,0.5775,9,10.5,"adult"
"M",0.625,0.505,0.175,1.131,0.5425,8,9.5,"adult"
"M",0.625,0.48,0.175,1.065,0.4865,10,11.5,"adult"
"M",0.635,0.48,0.145,1.181,0.665,10,11.5,"adult"
"M",0.66,0.505,0.19,1.4385,0.6775,11,12.5,"adult"
"M",0.66,0.485,0.155,1.2275,0.61,8,9.5,"adult"
"M",0.66,0.515,0.155,1.4415,0.7055,10,11.5,"adult"
"M",0.72,0.545,0.195,1.7475,0.8215,11,12.5,"adult"
"M",0.51,0.405,0.125,0.6925,0.327,7,8.5,"adult"
"M",0.59,0.45,0.16,0.998,0.445,9,10.5,"adult"
"M",0.6,0.46,0.155,0.6655,0.285,11,12.5,"adult"
"M",0.62,0.485,0.145,1.003,0.4655,11,12.5,"adult"
"M",0.625,0.495,0.155,1.025,0.46,9,10.5,"adult"
"M",0.625,0.495,0.175,1.2935,0.5805,9,10.5,"adult"
"M",0.625,0.5,0.175,1.0565,0.4615,10,11.5,"adult"
"M",0.625,0.47,0.145,1.7855,0.675,13,14.5,"old"
"M",0.645,0.51,0.165,1.403,0.5755,11,12.5,"adult"
"M",0.515,0.39,0.12,0.6125,0.302,8,9.5,"adult"
"M",0.62,0.465,0.145,0.911,0.375,10,11.5,"adult"
"M",0.63,0.49,0.15,1.1955,0.5845,9,10.5,"adult"
"M",0.545,0.45,0.15,0.7805,0.3795,8,9.5,"adult"
"M",0.55,0.43,0.18,0.8265,0.4405,10,11.5,"adult"
"M",0.55,0.385,0.13,0.7275,0.343,8,9.5,"adult"
"M",0.56,0.45,0.145,0.9355,0.425,11,12.5,"adult"
"M",0.57,0.445,0.16,1.0145,0.516,10,11.5,"adult"
"M",0.585,0.51,0.16,1.218,0.639,11,12.5,"adult"
"M",0.59,0.45,0.155,0.874,0.369,8,9.5,"adult"
"M",0.6,0.47,0.13,1.0105,0.423,9,10.5,"adult"
"M",0.61,0.365,0.155,1.0765,0.488,9,10.5,"adult"
"M",0.615,0.475,0.205,1.337,0.5995,11,12.5,"adult"
"M",0.625,0.5,0.18,1.3705,0.645,12,13.5,"adult"
"M",0.63,0.485,0.18,1.2435,0.5175,11,12.5,"adult"
"M",0.63,0.53,0.175,1.4135,0.667,13,14.5,"old"
"M",0.635,0.5,0.18,1.2915,0.594,9,10.5,"adult"
"M",0.67,0.525,0.18,1.4915,0.728,9,10.5,"adult"
"M",0.68,0.545,0.185,1.672,0.7075,11,12.5,"adult"
"M",0.7,0.545,0.215,1.9125,0.8825,10,11.5,"adult"
"M",0.48,0.365,0.13,0.5305,0.2405,8,9.5,"adult"
"M",0.51,0.41,0.155,1.2825,0.569,9,10.5,"adult"
"M",0.625,0.48,0.16,1.2415,0.6575,9,10.5,"adult"
"M",0.65,0.525,0.185,1.3455,0.586,9,10.5,"adult"
"M",0.35,0.265,0.09,0.197,0.073,7,8.5,"adult"
"M",0.55,0.42,0.145,0.7385,0.321,11,12.5,"adult"
"M",0.555,0.435,0.145,0.9205,0.404,8,9.5,"adult"
"M",0.58,0.45,0.14,0.824,0.3465,10,11.5,"adult"
"M",0.585,0.45,0.15,0.997,0.4055,11,12.5,"adult"
"M",0.63,0.505,0.155,1.105,0.492,11,12.5,"adult"
"M",0.63,0.49,0.155,1.229,0.535,11,12.5,"adult"
"M",0.655,0.525,0.18,1.402,0.624,13,14.5,"old"
"M",0.67,0.535,0.19,1.669,0.7465,11,12.5,"adult"
"M",0.67,0.525,0.2,1.7405,0.6205,11,12.5,"adult"
"M",0.695,0.53,0.21,1.51,0.664,10,11.5,"adult"
"M",0.695,0.55,0.195,1.6645,0.727,11,12.5,"adult"
"M",0.77,0.605,0.175,2.0505,0.8005,11,12.5,"adult"
"M",0.475,0.37,0.11,0.4895,0.2185,8,9.5,"adult"
"M",0.475,0.36,0.14,0.5135,0.241,8,9.5,"adult"
"M",0.385,0.255,0.1,0.3175,0.137,8,9.5,"adult"
"M",0.5,0.38,0.125,0.577,0.269,9,10.5,"adult"
"M",0.52,0.385,0.165,0.791,0.375,10,11.5,"adult"
"M",0.55,0.43,0.13,0.8395,0.3155,10,11.5,"adult"
"M",0.56,0.43,0.155,0.8675,0.4,8,9.5,"adult"
"M",0.59,0.44,0.135,0.966,0.439,10,11.5,"adult"
"M",0.6,0.475,0.205,1.176,0.5255,9,10.5,"adult"
"M",0.71,0.555,0.195,1.9485,0.9455,12,13.5,"adult"
